"size","move","farmStay","habFact","ppue"
0,0,1,1,14.6085768790351
0,0,1,2,14.6085768790351
0,0,1,3,14.6085768790351
0,0,1,4,14.6085768790351
0,0,2,1,14.6085768790351
0,0,2,2,14.6085768790351
0,0,2,3,14.6085768790351
0,0,2,4,14.6085768790351
0,0,3,1,14.6085768790351
0,0,3,2,14.6085768790351
0,0,3,3,14.6085768790351
0,0,3,4,14.6085768790351
0,0,4,1,14.6085768790351
0,0,4,2,14.6085768790351
0,0,4,3,14.6085768790351
0,0,4,4,14.6085768790351
0,0,5,1,14.6085768790351
0,0,5,2,14.6085768790351
0,0,5,3,14.6085768790351
0,0,5,4,14.6085768790351
0,0,6,1,14.6085768790351
0,0,6,2,14.6085768790351
0,0,6,3,14.6085768790351
0,0,6,4,14.6085768790351
0,0,7,1,14.6085768790351
0,0,7,2,14.6085768790351
0,0,7,3,14.6085768790351
0,0,7,4,14.6085768790351
0,0,8,1,14.6085768790351
0,0,8,2,14.6085768790351
0,0,8,3,14.6085768790351
0,0,8,4,14.6085768790351
0,0,9,1,14.6085768790351
0,0,9,2,14.6085768790351
0,0,9,3,14.6085768790351
0,0,9,4,14.6085768790351
0,0,10,1,14.6085768790351
0,0,10,2,14.6085768790351
0,0,10,3,14.6085768790351
0,0,10,4,14.6085768790351
0.1,0,1,1,14.0962901343839
0.1,0,1,2,12.6666647164705
0.1,0,1,3,11.4734245190937
0.1,0,1,4,10.4624883421749
0.1,0,2,1,14.0962901343839
0.1,0,2,2,12.6666647164705
0.1,0,2,3,11.4734245190937
0.1,0,2,4,10.4624883421749
0.1,0,3,1,14.0962901343839
0.1,0,3,2,12.6666647164705
0.1,0,3,3,11.4734245190937
0.1,0,3,4,10.4624883421749
0.1,0,4,1,14.0962901343839
0.1,0,4,2,12.6666647164705
0.1,0,4,3,11.4734245190937
0.1,0,4,4,10.4624883421749
0.1,0,5,1,14.0962901343839
0.1,0,5,2,12.6666647164705
0.1,0,5,3,11.4734245190937
0.1,0,5,4,10.4624883421749
0.1,0,6,1,14.0962901343839
0.1,0,6,2,12.6666647164705
0.1,0,6,3,11.4734245190937
0.1,0,6,4,10.4624883421749
0.1,0,7,1,14.0962901343839
0.1,0,7,2,12.6666647164705
0.1,0,7,3,11.4734245190937
0.1,0,7,4,10.4624883421749
0.1,0,8,1,14.0962901343839
0.1,0,8,2,12.6666647164705
0.1,0,8,3,11.4734245190937
0.1,0,8,4,10.4624883421749
0.1,0,9,1,14.0962901343839
0.1,0,9,2,12.6666647164705
0.1,0,9,3,11.4734245190937
0.1,0,9,4,10.4624883421749
0.1,0,10,1,14.0962901343839
0.1,0,10,2,12.6666647164705
0.1,0,10,3,11.4734245190937
0.1,0,10,4,10.4624883421749
0.2,0,1,1,13.4690331030965
0.2,0,1,2,10.9135143877247
0.2,0,1,3,9.08351900432806
0.2,0,1,4,7.708690542197
0.2,0,2,1,13.4690331030965
0.2,0,2,2,10.9135143877247
0.2,0,2,3,9.08351900432806
0.2,0,2,4,7.708690542197
0.2,0,3,1,13.4690331030965
0.2,0,3,2,10.9135143877247
0.2,0,3,3,9.08351900432806
0.2,0,3,4,7.708690542197
0.2,0,4,1,13.4690331030965
0.2,0,4,2,10.9135143877247
0.2,0,4,3,9.08351900432806
0.2,0,4,4,7.708690542197
0.2,0,5,1,13.4690331030965
0.2,0,5,2,10.9135143877247
0.2,0,5,3,9.08351900432806
0.2,0,5,4,7.708690542197
0.2,0,6,1,13.4690331030965
0.2,0,6,2,10.9135143877247
0.2,0,6,3,9.08351900432806
0.2,0,6,4,7.708690542197
0.2,0,7,1,13.4690331030965
0.2,0,7,2,10.9135143877247
0.2,0,7,3,9.08351900432806
0.2,0,7,4,7.708690542197
0.2,0,8,1,13.4690331030965
0.2,0,8,2,10.9135143877247
0.2,0,8,3,9.08351900432806
0.2,0,8,4,7.708690542197
0.2,0,9,1,13.4690331030965
0.2,0,9,2,10.9135143877247
0.2,0,9,3,9.08351900432806
0.2,0,9,4,7.708690542197
0.2,0,10,1,13.4690331030965
0.2,0,10,2,10.9135143877247
0.2,0,10,3,9.08351900432806
0.2,0,10,4,7.708690542197
0.3,0,1,1,12.6830165288231
0.3,0,1,2,9.25796714478702
0.3,0,1,3,7.11063253672235
0.3,0,1,4,5.63872280971121
0.3,0,2,1,12.6830165288231
0.3,0,2,2,9.25796714478702
0.3,0,2,3,7.11063253672235
0.3,0,2,4,5.63872280971121
0.3,0,3,1,12.6830165288231
0.3,0,3,2,9.25796714478702
0.3,0,3,3,7.11063253672235
0.3,0,3,4,5.63872280971121
0.3,0,4,1,12.6830165288231
0.3,0,4,2,9.25796714478702
0.3,0,4,3,7.11063253672235
0.3,0,4,4,5.63872280971121
0.3,0,5,1,12.6830165288231
0.3,0,5,2,9.25796714478702
0.3,0,5,3,7.11063253672235
0.3,0,5,4,5.63872280971121
0.3,0,6,1,12.6830165288231
0.3,0,6,2,9.25796714478702
0.3,0,6,3,7.11063253672235
0.3,0,6,4,5.63872280971121
0.3,0,7,1,12.6830165288231
0.3,0,7,2,9.25796714478702
0.3,0,7,3,7.11063253672235
0.3,0,7,4,5.63872280971121
0.3,0,8,1,12.6830165288231
0.3,0,8,2,9.25796714478702
0.3,0,8,3,7.11063253672235
0.3,0,8,4,5.63872280971121
0.3,0,9,1,12.6830165288231
0.3,0,9,2,9.25796714478702
0.3,0,9,3,7.11063253672235
0.3,0,9,4,5.63872280971121
0.3,0,10,1,12.6830165288231
0.3,0,10,2,9.25796714478702
0.3,0,10,3,7.11063253672235
0.3,0,10,4,5.63872280971121
0.4,0,1,1,11.6688027233367
0.4,0,1,2,7.60745982443638
0.4,0,1,3,5.34334107901149
0.4,0,1,4,3.89993340836327
0.4,0,2,1,11.6688027233367
0.4,0,2,2,7.60745982443638
0.4,0,2,3,5.34334107901149
0.4,0,2,4,3.89993340836327
0.4,0,3,1,11.6688027233367
0.4,0,3,2,7.60745982443638
0.4,0,3,3,5.34334107901149
0.4,0,3,4,3.89993340836327
0.4,0,4,1,11.6688027233367
0.4,0,4,2,7.60745982443638
0.4,0,4,3,5.34334107901149
0.4,0,4,4,3.89993340836327
0.4,0,5,1,11.6688027233367
0.4,0,5,2,7.60745982443638
0.4,0,5,3,5.34334107901149
0.4,0,5,4,3.89993340836327
0.4,0,6,1,11.6688027233367
0.4,0,6,2,7.60745982443638
0.4,0,6,3,5.34334107901149
0.4,0,6,4,3.89993340836327
0.4,0,7,1,11.6688027233367
0.4,0,7,2,7.60745982443638
0.4,0,7,3,5.34334107901149
0.4,0,7,4,3.89993340836327
0.4,0,8,1,11.6688027233367
0.4,0,8,2,7.60745982443638
0.4,0,8,3,5.34334107901149
0.4,0,8,4,3.89993340836327
0.4,0,9,1,11.6688027233367
0.4,0,9,2,7.60745982443638
0.4,0,9,3,5.34334107901149
0.4,0,9,4,3.89993340836327
0.4,0,10,1,11.6688027233367
0.4,0,10,2,7.60745982443638
0.4,0,10,3,5.34334107901149
0.4,0,10,4,3.89993340836327
0.5,0,1,1,10.3090555968468
0.5,0,1,2,5.84539148090445
0.5,0,1,3,3.60547469722044
0.5,0,1,4,2.25921895702511
0.5,0,2,1,10.3090555968468
0.5,0,2,2,5.84539148090445
0.5,0,2,3,3.60547469722044
0.5,0,2,4,2.25921895702511
0.5,0,3,1,10.3090555968468
0.5,0,3,2,5.84539148090445
0.5,0,3,3,3.60547469722044
0.5,0,3,4,2.25921895702511
0.5,0,4,1,10.3090555968468
0.5,0,4,2,5.84539148090445
0.5,0,4,3,3.60547469722044
0.5,0,4,4,2.25921895702511
0.5,0,5,1,10.3090555968468
0.5,0,5,2,5.84539148090445
0.5,0,5,3,3.60547469722044
0.5,0,5,4,2.25921895702511
0.5,0,6,1,10.3090555968468
0.5,0,6,2,5.84539148090445
0.5,0,6,3,3.60547469722044
0.5,0,6,4,2.25921895702511
0.5,0,7,1,10.3090555968468
0.5,0,7,2,5.84539148090445
0.5,0,7,3,3.60547469722044
0.5,0,7,4,2.25921895702511
0.5,0,8,1,10.3090555968468
0.5,0,8,2,5.84539148090445
0.5,0,8,3,3.60547469722044
0.5,0,8,4,2.25921895702511
0.5,0,9,1,10.3090555968468
0.5,0,9,2,5.84539148090445
0.5,0,9,3,3.60547469722044
0.5,0,9,4,2.25921895702511
0.5,0,10,1,10.3090555968468
0.5,0,10,2,5.84539148090445
0.5,0,10,3,3.60547469722044
0.5,0,10,4,2.25921895702511
0.6,0,1,1,8.38771545874287
0.6,0,1,2,3.78739442640593
0.6,0,1,3,1.68879897788153
0.6,0,1,4,0.487716626456899
0.6,0,2,1,8.38771545874287
0.6,0,2,2,3.78739442640593
0.6,0,2,3,1.68879897788153
0.6,0,2,4,0.487716626456899
0.6,0,3,1,8.38771545874287
0.6,0,3,2,3.78739442640593
0.6,0,3,3,1.68879897788153
0.6,0,3,4,0.487716626456899
0.6,0,4,1,8.38771545874287
0.6,0,4,2,3.78739442640593
0.6,0,4,3,1.68879897788153
0.6,0,4,4,0.487716626456899
0.6,0,5,1,8.38771545874287
0.6,0,5,2,3.78739442640593
0.6,0,5,3,1.68879897788153
0.6,0,5,4,0.487716626456899
0.6,0,6,1,8.38771545874287
0.6,0,6,2,3.78739442640593
0.6,0,6,3,1.68879897788153
0.6,0,6,4,0.487716626456899
0.6,0,7,1,8.38771545874287
0.6,0,7,2,3.78739442640593
0.6,0,7,3,1.68879897788153
0.6,0,7,4,0.487716626456899
0.6,0,8,1,8.38771545874287
0.6,0,8,2,3.78739442640593
0.6,0,8,3,1.68879897788153
0.6,0,8,4,0.487716626456899
0.6,0,9,1,8.38771545874287
0.6,0,9,2,3.78739442640593
0.6,0,9,3,1.68879897788153
0.6,0,9,4,0.487716626456899
0.6,0,10,1,8.38771545874287
0.6,0,10,2,3.78739442640593
0.6,0,10,3,1.68879897788153
0.6,0,10,4,0.487716626456899
0.7,0,1,1,5.4541217620847
0.7,0,1,2,1.06632609711837
0.7,0,1,3,-0.76811336321465
0.7,0,1,4,-1.77548112555308
0.7,0,2,1,5.4541217620847
0.7,0,2,2,1.06632609711837
0.7,0,2,3,-0.76811336321465
0.7,0,2,4,-1.77548112555308
0.7,0,3,1,5.4541217620847
0.7,0,3,2,1.06632609711837
0.7,0,3,3,-0.76811336321465
0.7,0,3,4,-1.77548112555308
0.7,0,4,1,5.4541217620847
0.7,0,4,2,1.06632609711837
0.7,0,4,3,-0.76811336321465
0.7,0,4,4,-1.77548112555308
0.7,0,5,1,5.4541217620847
0.7,0,5,2,1.06632609711837
0.7,0,5,3,-0.76811336321465
0.7,0,5,4,-1.77548112555308
0.7,0,6,1,5.4541217620847
0.7,0,6,2,1.06632609711837
0.7,0,6,3,-0.76811336321465
0.7,0,6,4,-1.77548112555308
0.7,0,7,1,5.4541217620847
0.7,0,7,2,1.06632609711837
0.7,0,7,3,-0.76811336321465
0.7,0,7,4,-1.77548112555308
0.7,0,8,1,5.4541217620847
0.7,0,8,2,1.06632609711837
0.7,0,8,3,-0.76811336321465
0.7,0,8,4,-1.77548112555308
0.7,0,9,1,5.4541217620847
0.7,0,9,2,1.06632609711837
0.7,0,9,3,-0.76811336321465
0.7,0,9,4,-1.77548112555308
0.7,0,10,1,5.4541217620847
0.7,0,10,2,1.06632609711837
0.7,0,10,3,-0.76811336321465
0.7,0,10,4,-1.77548112555308
0,1,1,1,14.6085768790351
0,1,1,2,14.6085768790351
0,1,1,3,14.6085768790351
0,1,1,4,14.6085768790351
0,1,2,1,14.6085768790351
0,1,2,2,14.6085768790351
0,1,2,3,14.6085768790351
0,1,2,4,14.6085768790351
0,1,3,1,14.6085768790351
0,1,3,2,14.6085768790351
0,1,3,3,14.6085768790351
0,1,3,4,14.6085768790351
0,1,4,1,14.6085768790351
0,1,4,2,14.6085768790351
0,1,4,3,14.6085768790351
0,1,4,4,14.6085768790351
0,1,5,1,14.6085768790351
0,1,5,2,14.6085768790351
0,1,5,3,14.6085768790351
0,1,5,4,14.6085768790351
0,1,6,1,14.6085768790351
0,1,6,2,14.6085768790351
0,1,6,3,14.6085768790351
0,1,6,4,14.6085768790351
0,1,7,1,14.6085768790351
0,1,7,2,14.6085768790351
0,1,7,3,14.6085768790351
0,1,7,4,14.6085768790351
0,1,8,1,14.6085768790351
0,1,8,2,14.6085768790351
0,1,8,3,14.6085768790351
0,1,8,4,14.6085768790351
0,1,9,1,14.6085768790351
0,1,9,2,14.6085768790351
0,1,9,3,14.6085768790351
0,1,9,4,14.6085768790351
0,1,10,1,14.6085768790351
0,1,10,2,14.6085768790351
0,1,10,3,14.6085768790351
0,1,10,4,14.6085768790351
0.1,1,1,1,14.2977523355815
0.1,1,1,2,13.6935139502179
0.1,1,1,3,13.0256217708991
0.1,1,1,4,12.6482342185494
0.1,1,2,1,14.2951518567088
0.1,1,2,2,13.6761730694062
0.1,1,2,3,12.3697807348258
0.1,1,2,4,12.6518985584548
0.1,1,3,1,14.2977523355815
0.1,1,3,2,13.6761730694062
0.1,1,3,3,13.1203877958235
0.1,1,3,4,12.6518949830211
0.1,1,4,1,14.2977427793344
0.1,1,4,2,13.6968135259539
0.1,1,4,3,13.1203877958235
0.1,1,4,4,12.651898551842
0.1,1,5,1,14.2834244286586
0.1,1,5,2,13.6968135259539
0.1,1,5,3,13.0972666841986
0.1,1,5,4,12.6514851251438
0.1,1,6,1,14.2951518567088
0.1,1,6,2,13.6083199181407
0.1,1,6,3,12.3697807348258
0.1,1,6,4,12.6518985584548
0.1,1,7,1,14.2977515097477
0.1,1,7,2,13.6968135259539
0.1,1,7,3,13.1204335432231
0.1,1,7,4,12.6240843025942
0.1,1,8,1,14.2977523365966
0.1,1,8,2,13.6968135259539
0.1,1,8,3,13.1200071597906
0.1,1,8,4,12.6514851251438
0.1,1,9,1,14.2834244286586
0.1,1,9,2,13.6967466698295
0.1,1,9,3,13.1204382552621
0.1,1,9,4,12.6240843025942
0.1,1,10,1,14.2977523355815
0.1,1,10,2,13.6967466698295
0.1,1,10,3,13.1204382552621
0.1,1,10,4,12.5415803938783
0.2,1,1,1,13.8648171439724
0.2,1,1,2,12.4227202476637
0.2,1,1,3,11.6565805679488
0.2,1,1,4,11.8342427060147
0.2,1,2,1,13.8474802226296
0.2,1,2,2,13.057867838612
0.2,1,2,3,12.2833078369667
0.2,1,2,4,10.7625055710852
0.2,1,3,1,13.942153424063
0.2,1,3,2,13.191500428585
0.2,1,3,3,11.6350727076845
0.2,1,3,4,10.7642038670543
0.2,1,4,1,13.9535275918283
0.2,1,4,2,13.1917218554406
0.2,1,4,3,11.6544316977193
0.2,1,4,4,10.9072098074436
0.2,1,5,1,13.8642360820324
0.2,1,5,2,12.5230309761266
0.2,1,5,3,12.2854542311534
0.2,1,5,4,10.907055411569
0.2,1,6,1,13.9582898124731
0.2,1,6,2,12.0794285640351
0.2,1,6,3,11.6338052941038
0.2,1,6,4,10.8862783590372
0.2,1,7,1,13.942153424063
0.2,1,7,2,12.835563455848
0.2,1,7,3,12.2856498651888
0.2,1,7,4,10.7625159239732
0.2,1,8,1,13.7504997356548
0.2,1,8,2,13.1752711604331
0.2,1,8,3,12.3767317691311
0.2,1,8,4,11.5696230207627
0.2,1,9,1,13.9582898124731
0.2,1,9,2,13.1935485377543
0.2,1,9,3,11.6565972807513
0.2,1,9,4,10.8824723639649
0.2,1,10,1,13.8438742171025
0.2,1,10,2,13.0576600562007
0.2,1,10,3,11.5186039727803
0.2,1,10,4,10.7605617771241
0.3,1,1,1,13.3497305357008
0.3,1,1,2,12.3081694115676
0.3,1,1,3,12.1722046827724
0.3,1,1,4,8.83146653037965
0.3,1,2,1,13.4568977612116
0.3,1,2,2,12.5781075706789
0.3,1,2,3,10.5910913663466
0.3,1,2,4,10.7159514631619
0.3,1,3,1,13.4746961176878
0.3,1,3,2,11.1787225088338
0.3,1,3,3,12.0289014212657
0.3,1,3,4,10.5540719493428
0.3,1,4,1,13.2953618251146
0.3,1,4,2,11.8500758602686
0.3,1,4,3,11.2277546802042
0.3,1,4,4,7.88910066250297
0.3,1,5,1,13.5510124069592
0.3,1,5,2,11.8547892461483
0.3,1,5,3,9.8680831447139
0.3,1,5,4,10.5549651166817
0.3,1,6,1,13.4386980464615
0.3,1,6,2,12.2194902891421
0.3,1,6,3,11.377188448124
0.3,1,6,4,9.71145495551184
0.3,1,7,1,13.3595488516344
0.3,1,7,2,12.7542435296806
0.3,1,7,3,10.5766139952502
0.3,1,7,4,11.4988636646085
0.3,1,8,1,13.5356259410345
0.3,1,8,2,11.51044637441
0.3,1,8,3,12.3137728266087
0.3,1,8,4,9.57884355378064
0.3,1,9,1,13.3509052469375
0.3,1,9,2,11.1384563160663
0.3,1,9,3,9.85211120577436
0.3,1,9,4,9.58335352280537
0.3,1,10,1,13.5130948657618
0.3,1,10,2,11.1708489352991
0.3,1,10,3,11.3821498746902
0.3,1,10,4,10.7213532870935
0.4,1,1,1,12.6873426128587
0.4,1,1,2,11.8687084037849
0.4,1,1,3,9.83638950673926
0.4,1,1,4,8.09760141686514
0.4,1,2,1,12.66150523546
0.4,1,2,2,11.5131111818801
0.4,1,2,3,9.92053073537995
0.4,1,2,4,10.0322419381349
0.4,1,3,1,12.738237656329
0.4,1,3,2,10.9722854208234
0.4,1,3,3,10.5957871114373
0.4,1,3,4,9.03809506866864
0.4,1,4,1,12.688274776384
0.4,1,4,2,10.4095385382856
0.4,1,4,3,8.99088001499221
0.4,1,4,4,10.8535607224878
0.4,1,5,1,12.867812737124
0.4,1,5,2,11.437212744246
0.4,1,5,3,9.78016754191008
0.4,1,5,4,10.5888715523666
0.4,1,6,1,12.8720631082723
0.4,1,6,2,10.904513927855
0.4,1,6,3,10.5642199616018
0.4,1,6,4,9.0937780577255
0.4,1,7,1,12.5976648242246
0.4,1,7,2,10.1477386099156
0.4,1,7,3,8.02748946153095
0.4,1,7,4,9.2326346140053
0.4,1,8,1,12.5021421622586
0.4,1,8,2,11.9305378134465
0.4,1,8,3,10.6993054566706
0.4,1,8,4,10.0435444510923
0.4,1,9,1,12.7463075412704
0.4,1,9,2,10.7854177957758
0.4,1,9,3,10.593613580671
0.4,1,9,4,9.26400786314707
0.4,1,10,1,12.527750752507
0.4,1,10,2,11.4122783248156
0.4,1,10,3,10.6015094992837
0.4,1,10,4,8.19214212876414
0.5,1,1,1,11.5758939362029
0.5,1,1,2,9.66365758352534
0.5,1,1,3,8.44775364567519
0.5,1,1,4,6.58027083176783
0.5,1,2,1,11.7092946400837
0.5,1,2,2,8.99485175796074
0.5,1,2,3,8.35243540079653
0.5,1,2,4,9.25524020526243
0.5,1,3,1,11.9819722219179
0.5,1,3,2,10.0490417924377
0.5,1,3,3,8.8496863414832
0.5,1,3,4,8.64842582763246
0.5,1,4,1,11.2459843421358
0.5,1,4,2,10.2046360870595
0.5,1,4,3,7.39833285961445
0.5,1,4,4,7.78211038341257
0.5,1,5,1,11.4532360245115
0.5,1,5,2,9.48965531893829
0.5,1,5,3,8.56834536438459
0.5,1,5,4,7.90368578755717
0.5,1,6,1,11.6848425586908
0.5,1,6,2,10.5404318088614
0.5,1,6,3,9.27646871949389
0.5,1,6,4,8.4798657744533
0.5,1,7,1,12.1043605723668
0.5,1,7,2,8.73045318304231
0.5,1,7,3,10.562306214221
0.5,1,7,4,7.84689539950721
0.5,1,8,1,11.5129868783752
0.5,1,8,2,8.96743850500571
0.5,1,8,3,8.72754244514669
0.5,1,8,4,8.11284796451192
0.5,1,9,1,11.9123392880222
0.5,1,9,2,10.0939212321442
0.5,1,9,3,8.52694709195597
0.5,1,9,4,6.85137794758428
0.5,1,10,1,11.668016080607
0.5,1,10,2,10.4190702498206
0.5,1,10,3,7.55179804790126
0.5,1,10,4,5.75188451977612
0.6,1,1,1,10.3348101655691
0.6,1,1,2,8.39606267844836
0.6,1,1,3,5.94925578312799
0.6,1,1,4,6.39357334653108
0.6,1,2,1,9.73300457209086
0.6,1,2,2,8.15092537363696
0.6,1,2,3,6.18875713857502
0.6,1,2,4,7.63438049563768
0.6,1,3,1,10.7134989307518
0.6,1,3,2,7.60240015978597
0.6,1,3,3,7.0253880636086
0.6,1,3,4,6.40200621405443
0.6,1,4,1,10.0265097491893
0.6,1,4,2,9.47685505323716
0.6,1,4,3,7.2558856748968
0.6,1,4,4,6.08625593199502
0.6,1,5,1,10.2701834968417
0.6,1,5,2,8.78869946390864
0.6,1,5,3,6.17707838146996
0.6,1,5,4,7.53200070841063
0.6,1,6,1,10.6012981923724
0.6,1,6,2,8.5819134080486
0.6,1,6,3,6.46870836070291
0.6,1,6,4,6.35471489385735
0.6,1,7,1,10.6532947056378
0.6,1,7,2,6.56997947652019
0.6,1,7,3,6.09866753054656
0.6,1,7,4,6.40924752028365
0.6,1,8,1,9.62030914459346
0.6,1,8,2,7.86496615905683
0.6,1,8,3,7.26420494731706
0.6,1,8,4,6.64991005519166
0.6,1,9,1,10.6107105481702
0.6,1,9,2,6.51061359930696
0.6,1,9,3,6.52448899397445
0.6,1,9,4,7.34828746322349
0.6,1,10,1,10.8450835932348
0.6,1,10,2,8.31745100965103
0.6,1,10,3,8.75427753823355
0.6,1,10,4,6.40793407950384
0.7,1,1,1,7.43450058899959
0.7,1,1,2,7.29494396316803
0.7,1,1,3,5.54130619230903
0.7,1,1,4,4.42622752327657
0.7,1,2,1,8.36146650822326
0.7,1,2,2,6.1921104700287
0.7,1,2,3,6.56483606339471
0.7,1,2,4,2.63477871156675
0.7,1,3,1,7.11691332682918
0.7,1,3,2,5.70161552074237
0.7,1,3,3,5.59093367391047
0.7,1,3,4,3.66874233279522
0.7,1,4,1,7.99063938784796
0.7,1,4,2,6.49770436601098
0.7,1,4,3,4.01094517247444
0.7,1,4,4,5.05415191358531
0.7,1,5,1,8.29414275293938
0.7,1,5,2,5.65294963141086
0.7,1,5,3,5.24092445318438
0.7,1,5,4,2.65139490182444
0.7,1,6,1,8.75399425098114
0.7,1,6,2,4.56131874110581
0.7,1,6,3,5.58063105363127
0.7,1,6,4,3.99184178656782
0.7,1,7,1,7.89099992501073
0.7,1,7,2,6.21305670847317
0.7,1,7,3,5.57743403379222
0.7,1,7,4,6.12788084382832
0.7,1,8,1,8.42012827228288
0.7,1,8,2,5.41158327610308
0.7,1,8,3,5.60757604590501
0.7,1,8,4,3.71493924756278
0.7,1,9,1,8.39767705703447
0.7,1,9,2,7.48313943192229
0.7,1,9,3,2.95802881230893
0.7,1,9,4,3.66201242770292
0.7,1,10,1,8.39295486979187
0.7,1,10,2,6.17546687621195
0.7,1,10,3,5.26757266776749
0.7,1,10,4,5.02986514880908
0,2,1,1,14.6085768790351
0,2,1,2,14.6085768790351
0,2,1,3,14.6085768790351
0,2,1,4,14.6085768790351
0,2,2,1,14.6085768790351
0,2,2,2,14.6085768790351
0,2,2,3,14.6085768790351
0,2,2,4,14.6085768790351
0,2,3,1,14.6085768790351
0,2,3,2,14.6085768790351
0,2,3,3,14.6085768790351
0,2,3,4,14.6085768790351
0,2,4,1,14.6085768790351
0,2,4,2,14.6085768790351
0,2,4,3,14.6085768790351
0,2,4,4,14.6085768790351
0,2,5,1,14.6085768790351
0,2,5,2,14.6085768790351
0,2,5,3,14.6085768790351
0,2,5,4,14.6085768790351
0,2,6,1,14.6085768790351
0,2,6,2,14.6085768790351
0,2,6,3,14.6085768790351
0,2,6,4,14.6085768790351
0,2,7,1,14.6085768790351
0,2,7,2,14.6085768790351
0,2,7,3,14.6085768790351
0,2,7,4,14.6085768790351
0,2,8,1,14.6085768790351
0,2,8,2,14.6085768790351
0,2,8,3,14.6085768790351
0,2,8,4,14.6085768790351
0,2,9,1,14.6085768790351
0,2,9,2,14.6085768790351
0,2,9,3,14.6085768790351
0,2,9,4,14.6085768790351
0,2,10,1,14.6085768790351
0,2,10,2,14.6085768790351
0,2,10,3,14.6085768790351
0,2,10,4,14.6085768790351
0.1,2,1,1,14.3640849655169
0.1,2,1,2,14.1702807294571
0.1,2,1,3,13.9569266604335
0.1,2,1,4,12.6633714289173
0.1,2,2,1,14.3587910309566
0.1,2,2,2,14.09760514358
0.1,2,2,3,13.9602764095159
0.1,2,2,4,13.2888294233352
0.1,2,3,1,14.2981729613382
0.1,2,3,2,13.7030071281372
0.1,2,3,3,13.9614398784575
0.1,2,3,4,13.7189310237329
0.1,2,4,1,14.3514325666637
0.1,2,4,2,14.09760514358
0.1,2,4,3,13.9602764095159
0.1,2,4,4,13.7237369237918
0.1,2,5,1,14.3641807995983
0.1,2,5,2,14.1422930562225
0.1,2,5,3,13.9569266604335
0.1,2,5,4,13.625196642306
0.1,2,6,1,14.3619369727558
0.1,2,6,2,14.1714065694532
0.1,2,6,3,13.9477935455988
0.1,2,6,4,13.2888294233352
0.1,2,7,1,14.2981729613382
0.1,2,7,2,13.9793940824901
0.1,2,7,3,13.7918522088008
0.1,2,7,4,12.6633714289173
0.1,2,8,1,14.3514325666637
0.1,2,8,2,14.1673961684749
0.1,2,8,3,13.9569266604335
0.1,2,8,4,13.2888294233352
0.1,2,9,1,14.3638452263976
0.1,2,9,2,14.1422930562225
0.1,2,9,3,13.9239062187259
0.1,2,9,4,13.7240068405536
0.1,2,10,1,14.2981729613382
0.1,2,10,2,14.1714065694532
0.1,2,10,3,13.8694406090209
0.1,2,10,4,12.6633714289173
0.2,2,1,1,14.0973824047997
0.2,2,1,2,13.5202395104715
0.2,2,1,3,13.217456603286
0.2,2,1,4,12.7872085391122
0.2,2,2,1,14.0894994892834
0.2,2,2,2,13.6353081621688
0.2,2,2,3,13.6105241234781
0.2,2,2,4,13.1791734436505
0.2,2,3,1,14.0502610654374
0.2,2,3,2,13.5036515465471
0.2,2,3,3,12.87746479431
0.2,2,3,4,13.3456860237388
0.2,2,4,1,14.0224737639001
0.2,2,4,2,13.8987673838306
0.2,2,4,3,13.0397089980915
0.2,2,4,4,12.978756835847
0.2,2,5,1,14.0346120415317
0.2,2,5,2,13.6017207308384
0.2,2,5,3,13.0631157770407
0.2,2,5,4,13.2401426649656
0.2,2,6,1,14.1073848357839
0.2,2,6,2,13.1564749639051
0.2,2,6,3,12.6565184982845
0.2,2,6,4,13.302811343263
0.2,2,7,1,14.0346120415317
0.2,2,7,2,13.4400215591952
0.2,2,7,3,13.4987917963411
0.2,2,7,4,13.2401426649656
0.2,2,8,1,13.9192190211815
0.2,2,8,2,13.6844883780294
0.2,2,8,3,13.4133107456248
0.2,2,8,4,13.5866815605687
0.2,2,9,1,14.0491830210834
0.2,2,9,2,13.6253270483328
0.2,2,9,3,12.0510495378517
0.2,2,9,4,13.4112531064314
0.2,2,10,1,14.0786658964441
0.2,2,10,2,13.7268518948556
0.2,2,10,3,13.6815108215989
0.2,2,10,4,12.7244517255313
0.3,2,1,1,13.0879195183787
0.3,2,1,2,13.285116829682
0.3,2,1,3,12.7221513219512
0.3,2,1,4,9.67109309255851
0.3,2,2,1,13.432348169156
0.3,2,2,2,11.980225162488
0.3,2,2,3,11.832677826474
0.3,2,2,4,12.388843209237
0.3,2,3,1,13.4391402052984
0.3,2,3,2,13.0184718990711
0.3,2,3,3,11.7542146886135
0.3,2,3,4,12.4593594787519
0.3,2,4,1,13.7176342636407
0.3,2,4,2,13.2123504655908
0.3,2,4,3,12.1091057612314
0.3,2,4,4,11.1279587510683
0.3,2,5,1,13.6538914828693
0.3,2,5,2,13.1744819798638
0.3,2,5,3,12.9085429601512
0.3,2,5,4,12.5373720273454
0.3,2,6,1,13.7130362787443
0.3,2,6,2,12.9220348239141
0.3,2,6,3,12.67664564936
0.3,2,6,4,12.8052215262862
0.3,2,7,1,13.7285557619094
0.3,2,7,2,11.4143176988768
0.3,2,7,3,12.0984667306544
0.3,2,7,4,12.1711512748534
0.3,2,8,1,13.6669272045831
0.3,2,8,2,12.3477464040535
0.3,2,8,3,12.2832513259667
0.3,2,8,4,11.5819243414626
0.3,2,9,1,13.6460568046005
0.3,2,9,2,12.3639018724919
0.3,2,9,3,11.7111823894427
0.3,2,9,4,12.963853292598
0.3,2,10,1,13.5648801078345
0.3,2,10,2,13.3260585863305
0.3,2,10,3,11.1526260113611
0.3,2,10,4,12.0753380944769
0.4,2,1,1,13.2424608636074
0.4,2,1,2,12.1976402570039
0.4,2,1,3,11.5353989273538
0.4,2,1,4,10.3871711840576
0.4,2,2,1,12.8822933123581
0.4,2,2,2,12.4120455433687
0.4,2,2,3,11.9544014486959
0.4,2,2,4,12.290558385525
0.4,2,3,1,13.3070931386706
0.4,2,3,2,11.994192274654
0.4,2,3,3,9.94757327027483
0.4,2,3,4,10.4956409283975
0.4,2,4,1,12.9984241560586
0.4,2,4,2,11.0747973487953
0.4,2,4,3,11.6103487913096
0.4,2,4,4,11.526864365449
0.4,2,5,1,13.1280171485482
0.4,2,5,2,12.888982075152
0.4,2,5,3,11.9691990182172
0.4,2,5,4,11.3102091593945
0.4,2,6,1,12.8075742302806
0.4,2,6,2,12.1827584591461
0.4,2,6,3,11.6238864831157
0.4,2,6,4,9.29871586782069
0.4,2,7,1,13.0100334273217
0.4,2,7,2,12.6199801387343
0.4,2,7,3,11.6405982597516
0.4,2,7,4,11.9477584937456
0.4,2,8,1,13.1846148724114
0.4,2,8,2,12.6183905607523
0.4,2,8,3,10.982691597427
0.4,2,8,4,10.397509289812
0.4,2,9,1,13.2064557812797
0.4,2,9,2,12.2024435086055
0.4,2,9,3,12.4857472746707
0.4,2,9,4,11.3223951199411
0.4,2,10,1,13.2819605181721
0.4,2,10,2,11.4130521481104
0.4,2,10,3,12.263144348084
0.4,2,10,4,10.6505182438975
0.5,2,1,1,12.3644171857887
0.5,2,1,2,11.0691531134123
0.5,2,1,3,10.1977448081813
0.5,2,1,4,9.474968999503
0.5,2,2,1,12.2357175378781
0.5,2,2,2,10.0194753768487
0.5,2,2,3,10.0967685997001
0.5,2,2,4,10.0667925026087
0.5,2,3,1,12.3580393726145
0.5,2,3,2,11.7565275742403
0.5,2,3,3,11.8781362889418
0.5,2,3,4,11.7114112193179
0.5,2,4,1,12.4072308759356
0.5,2,4,2,11.2378248805834
0.5,2,4,3,11.5979088234782
0.5,2,4,4,10.1188456191993
0.5,2,5,1,12.2850717791446
0.5,2,5,2,11.0320743898957
0.5,2,5,3,11.7785043884565
0.5,2,5,4,9.10676977645989
0.5,2,6,1,12.2910246322632
0.5,2,6,2,10.1587790954276
0.5,2,6,3,11.5127183929954
0.5,2,6,4,8.79460225973746
0.5,2,7,1,12.2422047046063
0.5,2,7,2,11.8039277641845
0.5,2,7,3,11.0796041640605
0.5,2,7,4,10.011672650713
0.5,2,8,1,12.619352248676
0.5,2,8,2,9.92087214217405
0.5,2,8,3,8.21674192405667
0.5,2,8,4,9.4554395823589
0.5,2,9,1,12.5656794220735
0.5,2,9,2,11.5416959177456
0.5,2,9,3,8.9620746066728
0.5,2,9,4,12.167651505505
0.5,2,10,1,12.4152447137263
0.5,2,10,2,11.107255290786
0.5,2,10,3,10.0345454173702
0.5,2,10,4,10.3947960784467
0.6,2,1,1,11.1223315961656
0.6,2,1,2,9.32485369031308
0.6,2,1,3,9.50529095685669
0.6,2,1,4,8.91624488755704
0.6,2,2,1,10.9962369147689
0.6,2,2,2,10.5365722342146
0.6,2,2,3,8.35201911530751
0.6,2,2,4,9.56206643221583
0.6,2,3,1,10.8940271714973
0.6,2,3,2,10.929399525223
0.6,2,3,3,11.2963558610177
0.6,2,3,4,10.3792261127408
0.6,2,4,1,11.1437266545678
0.6,2,4,2,10.6800120994695
0.6,2,4,3,8.19654643879929
0.6,2,4,4,8.88574756224558
0.6,2,5,1,10.9107501061256
0.6,2,5,2,9.88893829771502
0.6,2,5,3,7.9196851676669
0.6,2,5,4,8.07918926753774
0.6,2,6,1,11.3652003230071
0.6,2,6,2,9.58845483853041
0.6,2,6,3,9.30346104950526
0.6,2,6,4,8.2083879288047
0.6,2,7,1,11.1934097773479
0.6,2,7,2,9.70723487758952
0.6,2,7,3,10.6589559117244
0.6,2,7,4,7.53018814302525
0.6,2,8,1,11.2767278323096
0.6,2,8,2,9.45512583245241
0.6,2,8,3,10.6958431614046
0.6,2,8,4,7.48203752329255
0.6,2,9,1,10.9859883743107
0.6,2,9,2,9.39734529587038
0.6,2,9,3,11.3732827890842
0.6,2,9,4,7.06097803289337
0.6,2,10,1,11.5416906567191
0.6,2,10,2,9.22045799193948
0.6,2,10,3,10.8028863414808
0.6,2,10,4,10.0165617014634
0.7,2,1,1,8.1197229004034
0.7,2,1,2,9.10090206247948
0.7,2,1,3,6.85595191770845
0.7,2,1,4,8.08191852060214
0.7,2,2,1,9.22534245173335
0.7,2,2,2,7.36458708531785
0.7,2,2,3,9.68768878439307
0.7,2,2,4,8.95983653790414
0.7,2,3,1,9.60607613274702
0.7,2,3,2,8.82322421600072
0.7,2,3,3,7.79108357754074
0.7,2,3,4,9.43870301794117
0.7,2,4,1,8.88796167378286
0.7,2,4,2,7.45682782376692
0.7,2,4,3,7.99485171789952
0.7,2,4,4,5.72734782009853
0.7,2,5,1,9.96899932247059
0.7,2,5,2,7.99788329657592
0.7,2,5,3,5.92878384052302
0.7,2,5,4,4.72053212154698
0.7,2,6,1,8.86320129444829
0.7,2,6,2,7.04286008651327
0.7,2,6,3,6.71852796858732
0.7,2,6,4,7.78792522276503
0.7,2,7,1,9.88776913316022
0.7,2,7,2,8.99367261450249
0.7,2,7,3,8.73699458771797
0.7,2,7,4,6.18882693950094
0.7,2,8,1,9.15870252271671
0.7,2,8,2,7.53459292199454
0.7,2,8,3,7.87022318697224
0.7,2,8,4,6.32092838169981
0.7,2,9,1,8.77939771936624
0.7,2,9,2,8.36140957434055
0.7,2,9,3,7.75816133688875
0.7,2,9,4,6.76464233188021
0.7,2,10,1,9.68617733637232
0.7,2,10,2,8.70680067748313
0.7,2,10,3,6.85978611237992
0.7,2,10,4,8.13440110719071
0,3,1,1,14.6085768790351
0,3,1,2,14.6085768790351
0,3,1,3,14.6085768790351
0,3,1,4,14.6085768790351
0,3,2,1,14.6085768790351
0,3,2,2,14.6085768790351
0,3,2,3,14.6085768790351
0,3,2,4,14.6085768790351
0,3,3,1,14.6085768790351
0,3,3,2,14.6085768790351
0,3,3,3,14.6085768790351
0,3,3,4,14.6085768790351
0,3,4,1,14.6085768790351
0,3,4,2,14.6085768790351
0,3,4,3,14.6085768790351
0,3,4,4,14.6085768790351
0,3,5,1,14.6085768790351
0,3,5,2,14.6085768790351
0,3,5,3,14.6085768790351
0,3,5,4,14.6085768790351
0,3,6,1,14.6085768790351
0,3,6,2,14.6085768790351
0,3,6,3,14.6085768790351
0,3,6,4,14.6085768790351
0,3,7,1,14.6085768790351
0,3,7,2,14.6085768790351
0,3,7,3,14.6085768790351
0,3,7,4,14.6085768790351
0,3,8,1,14.6085768790351
0,3,8,2,14.6085768790351
0,3,8,3,14.6085768790351
0,3,8,4,14.6085768790351
0,3,9,1,14.6085768790351
0,3,9,2,14.6085768790351
0,3,9,3,14.6085768790351
0,3,9,4,14.6085768790351
0,3,10,1,14.6085768790351
0,3,10,2,14.6085768790351
0,3,10,3,14.6085768790351
0,3,10,4,14.6085768790351
0.1,3,1,1,14.3391750222538
0.1,3,1,2,14.0308567211452
0.1,3,1,3,14.2138935306598
0.1,3,1,4,13.9969275770711
0.1,3,2,1,14.3391750222538
0.1,3,2,2,14.2835636380719
0.1,3,2,3,14.214776064151
0.1,3,2,4,14.1513045260298
0.1,3,3,1,14.3825150561144
0.1,3,3,2,14.2835636380719
0.1,3,3,3,14.0449318490293
0.1,3,3,4,14.1256783286088
0.1,3,4,1,14.3605076578741
0.1,3,4,2,14.2835636380719
0.1,3,4,3,13.8800980445735
0.1,3,4,4,13.3090853011221
0.1,3,5,1,14.387113799562
0.1,3,5,2,14.2616273549875
0.1,3,5,3,14.20428502602
0.1,3,5,4,14.0819211076627
0.1,3,6,1,14.3605076578741
0.1,3,6,2,14.1349997987316
0.1,3,6,3,14.20428502602
0.1,3,6,4,14.1551763597601
0.1,3,7,1,14.3923427214553
0.1,3,7,2,14.2901654815477
0.1,3,7,3,13.6305475897752
0.1,3,7,4,14.1513045260298
0.1,3,8,1,14.387113799562
0.1,3,8,2,14.1349997987316
0.1,3,8,3,14.1677132078918
0.1,3,8,4,14.1256783286088
0.1,3,9,1,14.3605076578741
0.1,3,9,2,14.1349997987316
0.1,3,9,3,14.214776064151
0.1,3,9,4,14.1427559079768
0.1,3,10,1,14.3923427214553
0.1,3,10,2,14.1960847825692
0.1,3,10,3,14.20428502602
0.1,3,10,4,13.9969275770711
0.2,3,1,1,14.0387226537326
0.2,3,1,2,13.9949909170275
0.2,3,1,3,13.4844148931867
0.2,3,1,4,13.53594911336
0.2,3,2,1,14.1566923039254
0.2,3,2,2,13.8601454896078
0.2,3,2,3,13.6379878601272
0.2,3,2,4,12.8462263655564
0.2,3,3,1,14.1566923039254
0.2,3,3,2,13.8574491548264
0.2,3,3,3,13.722785585705
0.2,3,3,4,13.9493791310166
0.2,3,4,1,14.0107251227154
0.2,3,4,2,13.813090515188
0.2,3,4,3,13.4548690262851
0.2,3,4,4,13.860812096957
0.2,3,5,1,14.1242224462695
0.2,3,5,2,13.7665973959704
0.2,3,5,3,13.4487583304847
0.2,3,5,4,11.7074915783069
0.2,3,6,1,14.0567460949354
0.2,3,6,2,13.8052675578908
0.2,3,6,3,12.9758640689558
0.2,3,6,4,13.0818041046071
0.2,3,7,1,14.1301867668235
0.2,3,7,2,13.9002911857658
0.2,3,7,3,13.2704163032313
0.2,3,7,4,13.3053795783532
0.2,3,8,1,14.1057348670242
0.2,3,8,2,13.8599410722362
0.2,3,8,3,13.9236216452053
0.2,3,8,4,13.9493791310166
0.2,3,9,1,14.1515813491378
0.2,3,9,2,14.0387070704818
0.2,3,9,3,13.832242009208
0.2,3,9,4,13.1827757832501
0.2,3,10,1,14.1372009042547
0.2,3,10,2,14.0727144897455
0.2,3,10,3,13.9274436484589
0.2,3,10,4,12.9814569264627
0.3,3,1,1,13.7889757835389
0.3,3,1,2,13.2478589234865
0.3,3,1,3,13.5797951268713
0.3,3,1,4,13.5199810020112
0.3,3,2,1,13.7890744756664
0.3,3,2,2,13.4642822831286
0.3,3,2,3,12.6529179064724
0.3,3,2,4,12.9979604091753
0.3,3,3,1,13.729633387776
0.3,3,3,2,13.1910902433223
0.3,3,3,3,12.5536488081242
0.3,3,3,4,12.6965609297332
0.3,3,4,1,13.8207590436858
0.3,3,4,2,13.6887934594441
0.3,3,4,3,12.2088674255864
0.3,3,4,4,12.3997050475052
0.3,3,5,1,13.7833880637133
0.3,3,5,2,13.6826177123601
0.3,3,5,3,13.119420312462
0.3,3,5,4,13.1712872894561
0.3,3,6,1,13.7726870242503
0.3,3,6,2,13.4699079952344
0.3,3,6,3,13.0597649903921
0.3,3,6,4,12.1152944633925
0.3,3,7,1,13.5678730621151
0.3,3,7,2,12.7290858375779
0.3,3,7,3,13.239373623841
0.3,3,7,4,13.1096376640186
0.3,3,8,1,13.7690674677587
0.3,3,8,2,13.7309783883161
0.3,3,8,3,13.1742216893267
0.3,3,8,4,12.8620743839278
0.3,3,9,1,13.7187091123605
0.3,3,9,2,13.5876726479542
0.3,3,9,3,13.0549213092625
0.3,3,9,4,12.2935727956212
0.3,3,10,1,13.7797636336753
0.3,3,10,2,12.6838553697144
0.3,3,10,3,12.6660588239081
0.3,3,10,4,12.4659966336957
0.4,3,1,1,13.3762610231123
0.4,3,1,2,13.0265722626616
0.4,3,1,3,12.9103976833436
0.4,3,1,4,11.7645785065939
0.4,3,2,1,13.1926557529773
0.4,3,2,2,12.6139647065736
0.4,3,2,3,13.0544201893574
0.4,3,2,4,12.8694060749641
0.4,3,3,1,13.3762610231123
0.4,3,3,2,13.0737949991563
0.4,3,3,3,12.3487113752861
0.4,3,3,4,12.4648267978355
0.4,3,4,1,12.9806700617591
0.4,3,4,2,12.2699155327485
0.4,3,4,3,12.2866965916633
0.4,3,4,4,12.6077288215089
0.4,3,5,1,13.4054768416726
0.4,3,5,2,13.2966055099802
0.4,3,5,3,11.2930082337692
0.4,3,5,4,12.3430452480449
0.4,3,6,1,13.2531016272957
0.4,3,6,2,12.942463268111
0.4,3,6,3,12.9453654037424
0.4,3,6,4,12.9507600383985
0.4,3,7,1,13.1435563902205
0.4,3,7,2,12.8520190214223
0.4,3,7,3,11.9833673243399
0.4,3,7,4,11.9022990570535
0.4,3,8,1,13.2043617575839
0.4,3,8,2,12.9584940409987
0.4,3,8,3,13.0842216442106
0.4,3,8,4,12.0764668728909
0.4,3,9,1,13.3116275232072
0.4,3,9,2,13.1501063173368
0.4,3,9,3,12.8387565149542
0.4,3,9,4,12.6962585361097
0.4,3,10,1,13.2837206040267
0.4,3,10,2,12.7556769505258
0.4,3,10,3,13.1256869016932
0.4,3,10,4,11.5984085945786
0.5,3,1,1,12.7640386884108
0.5,3,1,2,12.3047076319638
0.5,3,1,3,10.7652046143116
0.5,3,1,4,10.5551508561736
0.5,3,2,1,12.2892064568325
0.5,3,2,2,10.467733868304
0.5,3,2,3,11.2427960289194
0.5,3,2,4,10.857334438655
0.5,3,3,1,12.9033482346564
0.5,3,3,2,11.8802839121205
0.5,3,3,3,11.3817913979089
0.5,3,3,4,10.5654369198377
0.5,3,4,1,12.636375065229
0.5,3,4,2,12.1382380044027
0.5,3,4,3,12.36022175489
0.5,3,4,4,12.1743391933583
0.5,3,5,1,12.7266715790702
0.5,3,5,2,12.1093201913784
0.5,3,5,3,12.3097256669785
0.5,3,5,4,12.1041519530489
0.5,3,6,1,12.5317989682128
0.5,3,6,2,11.8951698990932
0.5,3,6,3,11.4003199499279
0.5,3,6,4,12.4202145871804
0.5,3,7,1,12.6504150596011
0.5,3,7,2,12.6138315502801
0.5,3,7,3,11.7903663052739
0.5,3,7,4,11.6415526435073
0.5,3,8,1,12.4333587943804
0.5,3,8,2,12.4950462823569
0.5,3,8,3,10.7255646374218
0.5,3,8,4,11.4770367683967
0.5,3,9,1,12.5841693192293
0.5,3,9,2,12.6778417125788
0.5,3,9,3,12.2826271801632
0.5,3,9,4,11.301727622345
0.5,3,10,1,12.4508790181463
0.5,3,10,2,12.1455982246875
0.5,3,10,3,10.8262463321868
0.5,3,10,4,11.8830910637865
0.6,3,1,1,11.6479850974578
0.6,3,1,2,11.5842297687168
0.6,3,1,3,9.73382033940653
0.6,3,1,4,11.2181670625482
0.6,3,2,1,11.64963664528
0.6,3,2,2,10.2869014190367
0.6,3,2,3,9.71912868518558
0.6,3,2,4,11.0628014840778
0.6,3,3,1,11.742839695104
0.6,3,3,2,11.6869080600753
0.6,3,3,3,11.2924599261161
0.6,3,3,4,10.5823005443401
0.6,3,4,1,11.9163307943849
0.6,3,4,2,11.331298038795
0.6,3,4,3,11.0620910276653
0.6,3,4,4,10.5465509124008
0.6,3,5,1,11.6828176116459
0.6,3,5,2,10.6953556201166
0.6,3,5,3,11.6081936709893
0.6,3,5,4,10.5187218297505
0.6,3,6,1,11.7167220914486
0.6,3,6,2,11.1442906554586
0.6,3,6,3,10.8269696867861
0.6,3,6,4,8.36663089000573
0.6,3,7,1,11.3935268430685
0.6,3,7,2,9.21650346385473
0.6,3,7,3,9.09987050526116
0.6,3,7,4,11.4384539325918
0.6,3,8,1,11.5163761803196
0.6,3,8,2,11.6276917774442
0.6,3,8,3,10.7783181126652
0.6,3,8,4,10.4286802219822
0.6,3,9,1,11.5135612933935
0.6,3,9,2,11.5893005167067
0.6,3,9,3,9.71580523004767
0.6,3,9,4,10.8546344174219
0.6,3,10,1,10.9800700491509
0.6,3,10,2,11.3345596406328
0.6,3,10,3,11.14493871775
0.6,3,10,4,10.052604985414
0.7,3,1,1,10.3177074635335
0.7,3,1,2,9.62112026333824
0.7,3,1,3,6.90475610944938
0.7,3,1,4,9.54653329257157
0.7,3,2,1,10.059481596081
0.7,3,2,2,10.1556759874977
0.7,3,2,3,8.40563939534744
0.7,3,2,4,8.03199881702104
0.7,3,3,1,10.2481848037529
0.7,3,3,2,9.84013414491796
0.7,3,3,3,8.83089134137637
0.7,3,3,4,8.28483898535066
0.7,3,4,1,10.1191088725839
0.7,3,4,2,8.88554478452327
0.7,3,4,3,9.68262372639394
0.7,3,4,4,8.40898665806352
0.7,3,5,1,10.1161245922207
0.7,3,5,2,7.79540714651236
0.7,3,5,3,9.40856804419298
0.7,3,5,4,9.40854576813159
0.7,3,6,1,10.0330893479002
0.7,3,6,2,9.65625797580893
0.7,3,6,3,8.91479708654082
0.7,3,6,4,9.13839083261368
0.7,3,7,1,9.73632892182374
0.7,3,7,2,10.0248393026327
0.7,3,7,3,9.56932656616581
0.7,3,7,4,8.21073342818163
0.7,3,8,1,10.119767670715
0.7,3,8,2,6.50510207211161
0.7,3,8,3,5.66769601299571
0.7,3,8,4,8.06460864126107
0.7,3,9,1,10.1534978998208
0.7,3,9,2,9.26128318998732
0.7,3,9,3,6.69987390794437
0.7,3,9,4,9.46518876342561
0.7,3,10,1,9.51704350689302
0.7,3,10,2,8.47757303304971
0.7,3,10,3,8.46397214640493
0.7,3,10,4,9.72556502990103
0,4,1,1,14.6085768790351
0,4,1,2,14.6085768790351
0,4,1,3,14.6085768790351
0,4,1,4,14.6085768790351
0,4,2,1,14.6085768790351
0,4,2,2,14.6085768790351
0,4,2,3,14.6085768790351
0,4,2,4,14.6085768790351
0,4,3,1,14.6085768790351
0,4,3,2,14.6085768790351
0,4,3,3,14.6085768790351
0,4,3,4,14.6085768790351
0,4,4,1,14.6085768790351
0,4,4,2,14.6085768790351
0,4,4,3,14.6085768790351
0,4,4,4,14.6085768790351
0,4,5,1,14.6085768790351
0,4,5,2,14.6085768790351
0,4,5,3,14.6085768790351
0,4,5,4,14.6085768790351
0,4,6,1,14.6085768790351
0,4,6,2,14.6085768790351
0,4,6,3,14.6085768790351
0,4,6,4,14.6085768790351
0,4,7,1,14.6085768790351
0,4,7,2,14.6085768790351
0,4,7,3,14.6085768790351
0,4,7,4,14.6085768790351
0,4,8,1,14.6085768790351
0,4,8,2,14.6085768790351
0,4,8,3,14.6085768790351
0,4,8,4,14.6085768790351
0,4,9,1,14.6085768790351
0,4,9,2,14.6085768790351
0,4,9,3,14.6085768790351
0,4,9,4,14.6085768790351
0,4,10,1,14.6085768790351
0,4,10,2,14.6085768790351
0,4,10,3,14.6085768790351
0,4,10,4,14.6085768790351
0.1,4,1,1,14.3947742263577
0.1,4,1,2,14.3390528046485
0.1,4,1,3,14.2885491184563
0.1,4,1,4,13.9021494601335
0.1,4,2,1,14.4044346215904
0.1,4,2,2,14.2543237141654
0.1,4,2,3,14.3044459476702
0.1,4,2,4,14.1381025369616
0.1,4,3,1,14.3994664155245
0.1,4,3,2,14.2104569192925
0.1,4,3,3,14.3044459476702
0.1,4,3,4,13.9021494601335
0.1,4,4,1,14.406424802558
0.1,4,4,2,14.3390528046485
0.1,4,4,3,14.0772291573183
0.1,4,4,4,14.2248158760602
0.1,4,5,1,14.4056037334248
0.1,4,5,2,14.2882353200495
0.1,4,5,3,14.2885491184563
0.1,4,5,4,14.2714006664541
0.1,4,6,1,14.3767846050598
0.1,4,6,2,14.3390528046485
0.1,4,6,3,14.2885491184563
0.1,4,6,4,14.2248158760602
0.1,4,7,1,14.4044346215904
0.1,4,7,2,14.1723497018916
0.1,4,7,3,14.2441767127062
0.1,4,7,4,14.2619662787402
0.1,4,8,1,14.3642787280155
0.1,4,8,2,14.312314604922
0.1,4,8,3,14.2711355108298
0.1,4,8,4,14.2714006664541
0.1,4,9,1,14.4056037334248
0.1,4,9,2,14.3486838610977
0.1,4,9,3,14.2051350459731
0.1,4,9,4,14.2248158760602
0.1,4,10,1,14.3876252963264
0.1,4,10,2,14.1723497018916
0.1,4,10,3,14.2441767127062
0.1,4,10,4,14.2619662787402
0.2,4,1,1,14.0588855899772
0.2,4,1,2,14.1389928092639
0.2,4,1,3,13.4679620077416
0.2,4,1,4,13.4173469626566
0.2,4,2,1,14.1107971081291
0.2,4,2,2,13.8822144756737
0.2,4,2,3,13.7156915313529
0.2,4,2,4,13.4653556812642
0.2,4,3,1,14.1614229278845
0.2,4,3,2,14.0593567769879
0.2,4,3,3,13.7262227310372
0.2,4,3,4,13.8949608859141
0.2,4,4,1,14.1558334922154
0.2,4,4,2,13.8469314703267
0.2,4,4,3,13.9775579885672
0.2,4,4,4,13.9430966498552
0.2,4,5,1,14.1620552830348
0.2,4,5,2,13.7690080264491
0.2,4,5,3,14.074346901235
0.2,4,5,4,13.9165727005397
0.2,4,6,1,14.1262279045019
0.2,4,6,2,13.8551843875257
0.2,4,6,3,13.4210103160105
0.2,4,6,4,14.0178698397969
0.2,4,7,1,14.1245585656569
0.2,4,7,2,13.8460440913479
0.2,4,7,3,13.4210103160105
0.2,4,7,4,13.9934043212327
0.2,4,8,1,14.1768340162952
0.2,4,8,2,14.1030249176813
0.2,4,8,3,13.9866439583504
0.2,4,8,4,13.8633258532385
0.2,4,9,1,14.1342644765638
0.2,4,9,2,13.9562044928068
0.2,4,9,3,13.7186644830618
0.2,4,9,4,13.8717783785108
0.2,4,10,1,14.1262588297782
0.2,4,10,2,13.9050860690155
0.2,4,10,3,14.1106744043969
0.2,4,10,4,13.7959165403833
0.3,4,1,1,13.7903906961512
0.3,4,1,2,13.1396975384845
0.3,4,1,3,13.5568196516278
0.3,4,1,4,12.4698002527513
0.3,4,2,1,13.7068986716215
0.3,4,2,2,13.2608244755677
0.3,4,2,3,13.56027079943
0.3,4,2,4,13.2677735512723
0.3,4,3,1,13.8536018152758
0.3,4,3,2,13.7469530448304
0.3,4,3,3,13.6451594061502
0.3,4,3,4,13.5984216738955
0.3,4,4,1,13.8034928625737
0.3,4,4,2,13.7341119265627
0.3,4,4,3,13.4618923571635
0.3,4,4,4,12.7061080637874
0.3,4,5,1,13.7365313240009
0.3,4,5,2,13.7341119265627
0.3,4,5,3,12.2396854978512
0.3,4,5,4,13.8111134288688
0.3,4,6,1,13.713841960287
0.3,4,6,2,13.6908846205745
0.3,4,6,3,12.8118162393966
0.3,4,6,4,13.4997454868884
0.3,4,7,1,13.6584321957154
0.3,4,7,2,13.6767348640746
0.3,4,7,3,13.2068074425111
0.3,4,7,4,11.791032335836
0.3,4,8,1,13.8708746543108
0.3,4,8,2,13.8037205482404
0.3,4,8,3,12.6525831251347
0.3,4,8,4,13.803392137568
0.3,4,9,1,13.7777934794707
0.3,4,9,2,13.4826085368702
0.3,4,9,3,13.7520941980111
0.3,4,9,4,13.3925294006675
0.3,4,10,1,13.8814573801776
0.3,4,10,2,13.6413800019133
0.3,4,10,3,13.5222189082752
0.3,4,10,4,13.4881355879549
0.4,4,1,1,13.291087266565
0.4,4,1,2,13.3168347455289
0.4,4,1,3,12.8190593257361
0.4,4,1,4,10.6501108806656
0.4,4,2,1,13.3031012133648
0.4,4,2,2,13.0286866358662
0.4,4,2,3,13.0192042728724
0.4,4,2,4,12.6711976138795
0.4,4,3,1,13.448077535075
0.4,4,3,2,13.2306196500213
0.4,4,3,3,13.2652333841227
0.4,4,3,4,13.0216402408071
0.4,4,4,1,13.2711384074456
0.4,4,4,2,13.2508932751893
0.4,4,4,3,12.3917219479255
0.4,4,4,4,12.7828820672499
0.4,4,5,1,13.2774753661633
0.4,4,5,2,13.1006483637232
0.4,4,5,3,12.8881616604495
0.4,4,5,4,12.5047445058541
0.4,4,6,1,13.2723770067441
0.4,4,6,2,13.2375896645523
0.4,4,6,3,13.1293509857971
0.4,4,6,4,12.622021837461
0.4,4,7,1,13.0321306305291
0.4,4,7,2,12.8701779044275
0.4,4,7,3,13.390643801139
0.4,4,7,4,13.2492098580576
0.4,4,8,1,13.3766018956903
0.4,4,8,2,12.0664844559884
0.4,4,8,3,12.7747622768476
0.4,4,8,4,13.0263430984418
0.4,4,9,1,13.3182206593724
0.4,4,9,2,13.1592498103736
0.4,4,9,3,11.8210105327572
0.4,4,9,4,12.7317455680279
0.4,4,10,1,13.3623510610631
0.4,4,10,2,12.0880878738699
0.4,4,10,3,13.2213573772457
0.4,4,10,4,12.7063744602993
0.5,4,1,1,12.9320418602034
0.5,4,1,2,11.9640698965664
0.5,4,1,3,11.8402843503416
0.5,4,1,4,12.0517209139206
0.5,4,2,1,12.4863695720647
0.5,4,2,2,12.7366131575262
0.5,4,2,3,12.1585029141599
0.5,4,2,4,12.552734305673
0.5,4,3,1,12.6390803837316
0.5,4,3,2,12.5741249847488
0.5,4,3,3,12.177247012773
0.5,4,3,4,12.1276293851052
0.5,4,4,1,12.3352559412558
0.5,4,4,2,11.5845691456542
0.5,4,4,3,11.8764257907394
0.5,4,4,4,12.5187489897581
0.5,4,5,1,12.3212610843579
0.5,4,5,2,12.2061915950721
0.5,4,5,3,11.8997465444517
0.5,4,5,4,12.3405195035089
0.5,4,6,1,12.7528422860726
0.5,4,6,2,11.9072715868229
0.5,4,6,3,12.1322392825367
0.5,4,6,4,12.3556821954668
0.5,4,7,1,12.7269876574507
0.5,4,7,2,12.2909706306481
0.5,4,7,3,11.2928797860872
0.5,4,7,4,12.1727173956412
0.5,4,8,1,12.5437351953776
0.5,4,8,2,12.805077125024
0.5,4,8,3,12.6687238103034
0.5,4,8,4,12.4366879485929
0.5,4,9,1,12.870640748654
0.5,4,9,2,12.2364168571873
0.5,4,9,3,12.1264174791158
0.5,4,9,4,12.488733559991
0.5,4,10,1,12.5828988425445
0.5,4,10,2,12.2955515299576
0.5,4,10,3,12.2043137971463
0.5,4,10,4,11.2369928761799
0.6,4,1,1,11.9116622118691
0.6,4,1,2,11.4232938554131
0.6,4,1,3,11.7672258188549
0.6,4,1,4,11.0813429352866
0.6,4,2,1,11.8285069395013
0.6,4,2,2,10.7717394430176
0.6,4,2,3,10.9204072401123
0.6,4,2,4,11.1413181529012
0.6,4,3,1,11.9339068449395
0.6,4,3,2,11.3606246402142
0.6,4,3,3,11.0528055908415
0.6,4,3,4,11.8772980332064
0.6,4,4,1,11.9647861886776
0.6,4,4,2,11.8517351060979
0.6,4,4,3,11.5921844860083
0.6,4,4,4,11.4250494869319
0.6,4,5,1,11.4380062413242
0.6,4,5,2,11.7678914063767
0.6,4,5,3,11.1526637523947
0.6,4,5,4,10.5792880631086
0.6,4,6,1,11.8664753128237
0.6,4,6,2,11.3973697340349
0.6,4,6,3,11.1943074958911
0.6,4,6,4,9.87905205323539
0.6,4,7,1,11.968398013961
0.6,4,7,2,11.3843299254209
0.6,4,7,3,11.0825910978619
0.6,4,7,4,11.5252214989167
0.6,4,8,1,11.8910713704417
0.6,4,8,2,11.7444996591081
0.6,4,8,3,11.6091606592964
0.6,4,8,4,11.7415462678155
0.6,4,9,1,11.1805986795777
0.6,4,9,2,11.8205745469286
0.6,4,9,3,11.7598917676826
0.6,4,9,4,10.6695940189193
0.6,4,10,1,11.8369915493212
0.6,4,10,2,11.4054716789752
0.6,4,10,3,11.0707553353027
0.6,4,10,4,11.7171377387887
0.7,4,1,1,10.1975331376235
0.7,4,1,2,10.1569672849511
0.7,4,1,3,9.39231423781928
0.7,4,1,4,10.3583121431059
0.7,4,2,1,9.8748701089733
0.7,4,2,2,10.1203952814781
0.7,4,2,3,7.68308894918236
0.7,4,2,4,9.82239775490558
0.7,4,3,1,10.34778029629
0.7,4,3,2,9.41078589900016
0.7,4,3,3,10.5592849693038
0.7,4,3,4,7.73916146466767
0.7,4,4,1,9.99113700764246
0.7,4,4,2,9.89177578788564
0.7,4,4,3,7.3256629572819
0.7,4,4,4,9.89858260781148
0.7,4,5,1,10.3644374035882
0.7,4,5,2,10.2027430859574
0.7,4,5,3,9.93259537512167
0.7,4,5,4,10.5453205152863
0.7,4,6,1,10.42103974051
0.7,4,6,2,9.94426211640497
0.7,4,6,3,9.84623420414212
0.7,4,6,4,9.63481607692872
0.7,4,7,1,10.5980936672378
0.7,4,7,2,9.79050681550155
0.7,4,7,3,7.52559656381926
0.7,4,7,4,7.58228523662105
0.7,4,8,1,9.44728273909949
0.7,4,8,2,8.44695479044505
0.7,4,8,3,9.42951408629072
0.7,4,8,4,9.63803108107997
0.7,4,9,1,10.2754677638545
0.7,4,9,2,10.1141829971402
0.7,4,9,3,9.25351912519514
0.7,4,9,4,10.2768371768345
0.7,4,10,1,9.77109924177135
0.7,4,10,2,10.2003227343584
0.7,4,10,3,10.2294742334377
0.7,4,10,4,9.86532115810627
0,5,1,1,14.6085768790351
0,5,1,2,14.6085768790351
0,5,1,3,14.6085768790351
0,5,1,4,14.6085768790351
0,5,2,1,14.6085768790351
0,5,2,2,14.6085768790351
0,5,2,3,14.6085768790351
0,5,2,4,14.6085768790351
0,5,3,1,14.6085768790351
0,5,3,2,14.6085768790351
0,5,3,3,14.6085768790351
0,5,3,4,14.6085768790351
0,5,4,1,14.6085768790351
0,5,4,2,14.6085768790351
0,5,4,3,14.6085768790351
0,5,4,4,14.6085768790351
0,5,5,1,14.6085768790351
0,5,5,2,14.6085768790351
0,5,5,3,14.6085768790351
0,5,5,4,14.6085768790351
0,5,6,1,14.6085768790351
0,5,6,2,14.6085768790351
0,5,6,3,14.6085768790351
0,5,6,4,14.6085768790351
0,5,7,1,14.6085768790351
0,5,7,2,14.6085768790351
0,5,7,3,14.6085768790351
0,5,7,4,14.6085768790351
0,5,8,1,14.6085768790351
0,5,8,2,14.6085768790351
0,5,8,3,14.6085768790351
0,5,8,4,14.6085768790351
0,5,9,1,14.6085768790351
0,5,9,2,14.6085768790351
0,5,9,3,14.6085768790351
0,5,9,4,14.6085768790351
0,5,10,1,14.6085768790351
0,5,10,2,14.6085768790351
0,5,10,3,14.6085768790351
0,5,10,4,14.6085768790351
0.1,5,1,1,14.4022009623389
0.1,5,1,2,14.3765294994453
0.1,5,1,3,14.3564845701246
0.1,5,1,4,14.3241998332123
0.1,5,2,1,14.4134835532519
0.1,5,2,2,14.3431362911156
0.1,5,2,3,14.1706722661583
0.1,5,2,4,14.2504716947946
0.1,5,3,1,14.4134835532519
0.1,5,3,2,14.3804814645715
0.1,5,3,3,14.317762927461
0.1,5,3,4,14.2840961437726
0.1,5,4,1,14.4094409247984
0.1,5,4,2,14.2950286992393
0.1,5,4,3,14.3477294668983
0.1,5,4,4,14.2064760169095
0.1,5,5,1,14.4022009623389
0.1,5,5,2,14.2634058773359
0.1,5,5,3,14.1422579068112
0.1,5,5,4,14.2064760169095
0.1,5,6,1,14.3809249683009
0.1,5,6,2,14.3431362911156
0.1,5,6,3,14.2584577758838
0.1,5,6,4,14.2504716947946
0.1,5,7,1,14.3875940725426
0.1,5,7,2,14.3431362911156
0.1,5,7,3,14.3358708125341
0.1,5,7,4,14.3359582983439
0.1,5,8,1,14.4137153636379
0.1,5,8,2,14.369458859342
0.1,5,8,3,14.2584577758838
0.1,5,8,4,14.3241998332123
0.1,5,9,1,14.4022009623389
0.1,5,9,2,14.2950286992393
0.1,5,9,3,14.1422579068112
0.1,5,9,4,14.3082792642288
0.1,5,10,1,14.3809249683009
0.1,5,10,2,14.3586004377835
0.1,5,10,3,14.317762927461
0.1,5,10,4,14.0942973497913
0.2,5,1,1,14.1637067608796
0.2,5,1,2,14.0616097126538
0.2,5,1,3,14.0546280553207
0.2,5,1,4,13.8479085738952
0.2,5,2,1,14.124458695449
0.2,5,2,2,14.1591601960491
0.2,5,2,3,13.9811795932594
0.2,5,2,4,13.6275081296233
0.2,5,3,1,14.1434858225277
0.2,5,3,2,13.9195338783443
0.2,5,3,3,13.7789437146439
0.2,5,3,4,13.5238729600554
0.2,5,4,1,14.14665217512
0.2,5,4,2,14.1591601960491
0.2,5,4,3,14.0620940039413
0.2,5,4,4,13.7257459270042
0.2,5,5,1,14.0946852453164
0.2,5,5,2,13.8677258254912
0.2,5,5,3,14.169607437499
0.2,5,5,4,13.9182239086861
0.2,5,6,1,14.1515726430196
0.2,5,6,2,13.9364933492262
0.2,5,6,3,14.0409572052322
0.2,5,6,4,13.501578682674
0.2,5,7,1,14.1348203434655
0.2,5,7,2,14.1295759065726
0.2,5,7,3,13.7005815091272
0.2,5,7,4,13.8483137884639
0.2,5,8,1,14.0830553634097
0.2,5,8,2,13.9251468767513
0.2,5,8,3,13.8520610175405
0.2,5,8,4,13.8847681305264
0.2,5,9,1,14.1795451839133
0.2,5,9,2,14.0120834408396
0.2,5,9,3,14.0409572052322
0.2,5,9,4,13.5919829308111
0.2,5,10,1,14.0947674598382
0.2,5,10,2,14.0120834408396
0.2,5,10,3,13.6917211510141
0.2,5,10,4,13.5464927059865
0.3,5,1,1,13.8371672584476
0.3,5,1,2,13.6331227565581
0.3,5,1,3,13.5293190082907
0.3,5,1,4,13.463482058215
0.3,5,2,1,13.7792869210337
0.3,5,2,2,13.5137001363002
0.3,5,2,3,13.7793760178586
0.3,5,2,4,13.5091272554883
0.3,5,3,1,13.8207785780421
0.3,5,3,2,13.8115415749021
0.3,5,3,3,13.6879038501698
0.3,5,3,4,13.6946552569017
0.3,5,4,1,13.8129683855515
0.3,5,4,2,13.0738222292638
0.3,5,4,3,13.4294327303177
0.3,5,4,4,13.5227739887929
0.3,5,5,1,13.6906454608422
0.3,5,5,2,13.5427721498914
0.3,5,5,3,13.2151142872112
0.3,5,5,4,13.7184998627482
0.3,5,6,1,13.7856626678266
0.3,5,6,2,13.830182162946
0.3,5,6,3,13.6801767451904
0.3,5,6,4,13.660352833173
0.3,5,7,1,13.8492927208512
0.3,5,7,2,13.770650376165
0.3,5,7,3,13.7259428470241
0.3,5,7,4,13.8681071810576
0.3,5,8,1,13.8183925921615
0.3,5,8,2,13.6940600449364
0.3,5,8,3,12.960058416367
0.3,5,8,4,13.633386833212
0.3,5,9,1,13.8370377971158
0.3,5,9,2,13.7981238924611
0.3,5,9,3,12.3303776936477
0.3,5,9,4,13.3622500273065
0.3,5,10,1,13.6939075476117
0.3,5,10,2,13.8196172794249
0.3,5,10,3,13.5964670835031
0.3,5,10,4,13.7139479834861
0.4,5,1,1,13.4252044070603
0.4,5,1,2,12.9601917059698
0.4,5,1,3,12.8900441922333
0.4,5,1,4,13.3686534256828
0.4,5,2,1,13.4718224512454
0.4,5,2,2,13.1928927384528
0.4,5,2,3,13.1265979926157
0.4,5,2,4,12.5137772173879
0.4,5,3,1,13.3851285318805
0.4,5,3,2,13.456836611929
0.4,5,3,3,12.7927658841664
0.4,5,3,4,12.9272658943743
0.4,5,4,1,13.3727278852041
0.4,5,4,2,13.1161991376881
0.4,5,4,3,13.29038541055
0.4,5,4,4,11.9624129052238
0.4,5,5,1,13.3054366585816
0.4,5,5,2,13.1387836902427
0.4,5,5,3,13.3243992941186
0.4,5,5,4,12.9152847718454
0.4,5,6,1,13.291677901598
0.4,5,6,2,13.0190698004327
0.4,5,6,3,13.230515524901
0.4,5,6,4,13.0470517002457
0.4,5,7,1,13.4099214450817
0.4,5,7,2,13.2823486241611
0.4,5,7,3,12.9325005218812
0.4,5,7,4,12.9385015175754
0.4,5,8,1,13.3151118188382
0.4,5,8,2,13.3210661762495
0.4,5,8,3,13.2690364327746
0.4,5,8,4,13.1130169664763
0.4,5,9,1,13.3111620821621
0.4,5,9,2,13.275002210417
0.4,5,9,3,12.5309092187957
0.4,5,9,4,13.2233992631497
0.4,5,10,1,13.4181515953022
0.4,5,10,2,13.0777592391256
0.4,5,10,3,13.0288131722472
0.4,5,10,4,13.0533723491068
0.5,5,1,1,12.8165263902445
0.5,5,1,2,12.7109128399608
0.5,5,1,3,12.4860743371091
0.5,5,1,4,12.4925104284758
0.5,5,2,1,12.8932390087134
0.5,5,2,2,12.7874282999508
0.5,5,2,3,11.8189035151342
0.5,5,2,4,12.2060349317217
0.5,5,3,1,12.7069140660533
0.5,5,3,2,12.2032042154593
0.5,5,3,3,12.4367538459988
0.5,5,3,4,12.7299306568209
0.5,5,4,1,12.6783822134361
0.5,5,4,2,12.849229389517
0.5,5,4,3,12.5970891070332
0.5,5,4,4,12.2797354007289
0.5,5,5,1,12.7390892671443
0.5,5,5,2,12.7596395901807
0.5,5,5,3,12.6758875037609
0.5,5,5,4,12.7079397298685
0.5,5,6,1,12.5091506567529
0.5,5,6,2,12.7354192848837
0.5,5,6,3,12.9462954050099
0.5,5,6,4,12.3700530248894
0.5,5,7,1,12.8151929174954
0.5,5,7,2,12.1587338262791
0.5,5,7,3,11.7847082897667
0.5,5,7,4,12.6306006191885
0.5,5,8,1,12.7907251335798
0.5,5,8,2,12.7028221303846
0.5,5,8,3,10.8180252217478
0.5,5,8,4,12.0933244249288
0.5,5,9,1,12.6626324701523
0.5,5,9,2,12.7690554022451
0.5,5,9,3,10.8752662624648
0.5,5,9,4,12.5007643198632
0.5,5,10,1,12.561034500738
0.5,5,10,2,12.2467180281812
0.5,5,10,3,12.4732942729714
0.5,5,10,4,11.0464690313946
0.6,5,1,1,12.0507308421667
0.6,5,1,2,11.6520201129685
0.6,5,1,3,10.5259717944546
0.6,5,1,4,11.1699999008169
0.6,5,2,1,11.6257938902587
0.6,5,2,2,11.4127661251708
0.6,5,2,3,12.0333658898052
0.6,5,2,4,11.5016351547735
0.6,5,3,1,11.9410742476739
0.6,5,3,2,11.7831209055935
0.6,5,3,3,11.9944515957346
0.6,5,3,4,10.8019785735266
0.6,5,4,1,11.8771757392292
0.6,5,4,2,11.2268349204289
0.6,5,4,3,11.5215605578554
0.6,5,4,4,11.9250510067847
0.6,5,5,1,11.9301982149048
0.6,5,5,2,11.7782316274663
0.6,5,5,3,11.4963492347391
0.6,5,5,4,11.9582281160854
0.6,5,6,1,11.9821171672583
0.6,5,6,2,11.3657373734444
0.6,5,6,3,11.3938935916388
0.6,5,6,4,11.4599368607592
0.6,5,7,1,10.5942395595675
0.6,5,7,2,11.221834551821
0.6,5,7,3,11.7958976746826
0.6,5,7,4,11.8007150965616
0.6,5,8,1,11.677073023966
0.6,5,8,2,11.8946275757587
0.6,5,8,3,10.8416809217075
0.6,5,8,4,11.9602710136213
0.6,5,9,1,11.9988651327195
0.6,5,9,2,11.7260302089293
0.6,5,9,3,10.9537177082478
0.6,5,9,4,10.8031917428408
0.6,5,10,1,11.7343989455426
0.6,5,10,2,11.1681993882385
0.6,5,10,3,10.8437863127378
0.6,5,10,4,11.7275956672052
0.7,5,1,1,10.6342197344046
0.7,5,1,2,9.15163425046623
0.7,5,1,3,9.98139086325497
0.7,5,1,4,8.59464264919721
0.7,5,2,1,10.5936539149273
0.7,5,2,2,8.83687351902955
0.7,5,2,3,9.88514854170059
0.7,5,2,4,9.66800374236686
0.7,5,3,1,9.963056816857
0.7,5,3,2,9.54505475766286
0.7,5,3,3,10.2537941911847
0.7,5,3,4,10.0962268733676
0.7,5,4,1,10.5356887263258
0.7,5,4,2,10.0480706432232
0.7,5,4,3,10.3667250648614
0.7,5,4,4,10.5520004859211
0.7,5,5,1,9.98670536798065
0.7,5,5,2,9.60753030254166
0.7,5,5,3,10.4422697389889
0.7,5,5,4,9.88787575912632
0.7,5,6,1,9.8875618180303
0.7,5,6,2,10.3258233198242
0.7,5,6,3,9.2301275481809
0.7,5,6,4,10.3612604199154
0.7,5,7,1,10.0225382998229
0.7,5,7,2,10.3825090481738
0.7,5,7,3,10.3695897602367
0.7,5,7,4,9.97427958040882
0.7,5,8,1,10.0437103528362
0.7,5,8,2,9.35442296112029
0.7,5,8,3,9.76398805155765
0.7,5,8,4,9.56854085680594
0.7,5,9,1,10.2571770978212
0.7,5,9,2,9.87146847342453
0.7,5,9,3,8.91707309587272
0.7,5,9,4,9.55474612154372
0.7,5,10,1,9.91427262135135
0.7,5,10,2,10.4188095273708
0.7,5,10,3,10.3374628775326
0.7,5,10,4,10.1000746409007
0,6,1,1,14.6085768790351
0,6,1,2,14.6085768790351
0,6,1,3,14.6085768790351
0,6,1,4,14.6085768790351
0,6,2,1,14.6085768790351
0,6,2,2,14.6085768790351
0,6,2,3,14.6085768790351
0,6,2,4,14.6085768790351
0,6,3,1,14.6085768790351
0,6,3,2,14.6085768790351
0,6,3,3,14.6085768790351
0,6,3,4,14.6085768790351
0,6,4,1,14.6085768790351
0,6,4,2,14.6085768790351
0,6,4,3,14.6085768790351
0,6,4,4,14.6085768790351
0,6,5,1,14.6085768790351
0,6,5,2,14.6085768790351
0,6,5,3,14.6085768790351
0,6,5,4,14.6085768790351
0,6,6,1,14.6085768790351
0,6,6,2,14.6085768790351
0,6,6,3,14.6085768790351
0,6,6,4,14.6085768790351
0,6,7,1,14.6085768790351
0,6,7,2,14.6085768790351
0,6,7,3,14.6085768790351
0,6,7,4,14.6085768790351
0,6,8,1,14.6085768790351
0,6,8,2,14.6085768790351
0,6,8,3,14.6085768790351
0,6,8,4,14.6085768790351
0,6,9,1,14.6085768790351
0,6,9,2,14.6085768790351
0,6,9,3,14.6085768790351
0,6,9,4,14.6085768790351
0,6,10,1,14.6085768790351
0,6,10,2,14.6085768790351
0,6,10,3,14.6085768790351
0,6,10,4,14.6085768790351
0.1,6,1,1,14.3924378550118
0.1,6,1,2,14.3983093581268
0.1,6,1,3,14.3828600715975
0.1,6,1,4,14.2936218563865
0.1,6,2,1,14.4135431547252
0.1,6,2,2,14.3638618454649
0.1,6,2,3,14.3479467360367
0.1,6,2,4,14.3610465298357
0.1,6,3,1,14.4174499359767
0.1,6,3,2,14.3875224154132
0.1,6,3,3,14.3646616322163
0.1,6,3,4,14.3232263691632
0.1,6,4,1,14.4174499359767
0.1,6,4,2,14.3248495016018
0.1,6,4,3,14.2971858702741
0.1,6,4,4,14.2148313853887
0.1,6,5,1,14.4022511051145
0.1,6,5,2,14.3248495016018
0.1,6,5,3,14.2971858702741
0.1,6,5,4,14.3610465298357
0.1,6,6,1,14.4135431547252
0.1,6,6,2,14.399601910046
0.1,6,6,3,14.2149257472728
0.1,6,6,4,14.3610465298357
0.1,6,7,1,14.3924378550118
0.1,6,7,2,14.3774966317714
0.1,6,7,3,14.3761642183287
0.1,6,7,4,14.2567849180286
0.1,6,8,1,14.4022511051145
0.1,6,8,2,14.3943544616926
0.1,6,8,3,14.3479467360368
0.1,6,8,4,14.3455567172568
0.1,6,9,1,14.4167265005886
0.1,6,9,2,14.3248495016018
0.1,6,9,3,14.3761642183287
0.1,6,9,4,14.1564601124631
0.1,6,10,1,14.4174499359767
0.1,6,10,2,14.346234689448
0.1,6,10,3,14.3850533209771
0.1,6,10,4,14.3232263691632
0.2,6,1,1,14.168485563002
0.2,6,1,2,14.0296523306735
0.2,6,1,3,14.103385615404
0.2,6,1,4,13.9734096697919
0.2,6,2,1,14.1594220351144
0.2,6,2,2,14.0617771375244
0.2,6,2,3,14.1304792034648
0.2,6,2,4,13.8164810559021
0.2,6,3,1,14.1361557517698
0.2,6,3,2,14.093865640583
0.2,6,3,3,13.8478276940132
0.2,6,3,4,14.098779675364
0.2,6,4,1,14.1447489158442
0.2,6,4,2,14.0507862327745
0.2,6,4,3,13.8734505966101
0.2,6,4,4,13.9465387913281
0.2,6,5,1,14.1638403946941
0.2,6,5,2,14.1596375993903
0.2,6,5,3,14.1200536280745
0.2,6,5,4,13.9398236544398
0.2,6,6,1,14.1846423683556
0.2,6,6,2,14.1371295692041
0.2,6,6,3,13.5911233169843
0.2,6,6,4,13.9465387913281
0.2,6,7,1,14.1757975648378
0.2,6,7,2,14.0307167056045
0.2,6,7,3,14.0934372573157
0.2,6,7,4,14.1169760056209
0.2,6,8,1,14.1447489158442
0.2,6,8,2,13.9848407268854
0.2,6,8,3,14.1003405282447
0.2,6,8,4,13.6107228269992
0.2,6,9,1,14.1924989697127
0.2,6,9,2,14.0188434959989
0.2,6,9,3,14.0577065184148
0.2,6,9,4,13.757446554271
0.2,6,10,1,14.1662427519089
0.2,6,10,2,13.9573795657469
0.2,6,10,3,13.9318749601678
0.2,6,10,4,13.9398236544398
0.3,6,1,1,13.858600702914
0.3,6,1,2,13.7473421518768
0.3,6,1,3,13.7523301422484
0.3,6,1,4,13.6539051448044
0.3,6,2,1,13.8755469176122
0.3,6,2,2,13.8263698228293
0.3,6,2,3,13.5035574966772
0.3,6,2,4,13.5878754857063
0.3,6,3,1,13.8766884826959
0.3,6,3,2,13.1290943022217
0.3,6,3,3,13.7498474752592
0.3,6,3,4,13.2816319344321
0.3,6,4,1,13.8473350216099
0.3,6,4,2,13.5432271156807
0.3,6,4,3,13.7657291243064
0.3,6,4,4,13.5501266200005
0.3,6,5,1,13.8192472264007
0.3,6,5,2,13.7866013466404
0.3,6,5,3,13.0016812429801
0.3,6,5,4,13.6219208346632
0.3,6,6,1,13.8665660526009
0.3,6,6,2,13.6427937260324
0.3,6,6,3,13.7011384704986
0.3,6,6,4,13.7608018067736
0.3,6,7,1,13.8946433791584
0.3,6,7,2,13.4811703895901
0.3,6,7,3,13.8288139845691
0.3,6,7,4,13.7808278195907
0.3,6,8,1,13.8633064983912
0.3,6,8,2,13.7920158688107
0.3,6,8,3,13.4395692069686
0.3,6,8,4,13.6717934935676
0.3,6,9,1,13.7581254326248
0.3,6,9,2,13.701627532968
0.3,6,9,3,13.5433179544115
0.3,6,9,4,13.6871404548183
0.3,6,10,1,13.8291000495851
0.3,6,10,2,13.6427937260324
0.3,6,10,3,13.7615064611675
0.3,6,10,4,13.0076693760073
0.4,6,1,1,13.4618897855445
0.4,6,1,2,13.0524054715418
0.4,6,1,3,12.8577121305579
0.4,6,1,4,13.4090362975928
0.4,6,2,1,13.394658465101
0.4,6,2,2,13.1219521599052
0.4,6,2,3,13.1426148067358
0.4,6,2,4,13.4350131848166
0.4,6,3,1,13.4517452213834
0.4,6,3,2,13.3038184966097
0.4,6,3,3,12.7276410727351
0.4,6,3,4,12.318738768456
0.4,6,4,1,13.3900669206211
0.4,6,4,2,12.9526095500366
0.4,6,4,3,13.0455148255723
0.4,6,4,4,13.4028844436919
0.4,6,5,1,13.4411099695787
0.4,6,5,2,13.3355118337216
0.4,6,5,3,13.2168544931887
0.4,6,5,4,13.3528120190897
0.4,6,6,1,13.2685873833161
0.4,6,6,2,12.9974855510294
0.4,6,6,3,13.2914619384494
0.4,6,6,4,13.3174750918341
0.4,6,7,1,13.4993470222377
0.4,6,7,2,13.3907369270183
0.4,6,7,3,13.4267976277321
0.4,6,7,4,13.3582129958558
0.4,6,8,1,13.4566878719115
0.4,6,8,2,13.4815344556049
0.4,6,8,3,13.2015586186807
0.4,6,8,4,12.5487061881673
0.4,6,9,1,13.4585353328963
0.4,6,9,2,13.0241235296648
0.4,6,9,3,13.2045189957097
0.4,6,9,4,13.4292731427554
0.4,6,10,1,13.4190110142529
0.4,6,10,2,13.2857266379771
0.4,6,10,3,13.2167143601095
0.4,6,10,4,13.1571661561675
0.5,6,1,1,12.7681068617966
0.5,6,1,2,12.6885738451469
0.5,6,1,3,12.8836906785547
0.5,6,1,4,12.730590780183
0.5,6,2,1,12.9311342808146
0.5,6,2,2,12.779079532787
0.5,6,2,3,12.8801159969622
0.5,6,2,4,11.764469687998
0.5,6,3,1,12.5783541569809
0.5,6,3,2,11.5290859043463
0.5,6,3,3,12.6163015895808
0.5,6,3,4,12.7601002234025
0.5,6,4,1,12.7757738989627
0.5,6,4,2,12.3534358616841
0.5,6,4,3,12.8525669333483
0.5,6,4,4,12.4473664455335
0.5,6,5,1,12.8962793352621
0.5,6,5,2,12.1262022778526
0.5,6,5,3,12.6424589233282
0.5,6,5,4,12.6421763957649
0.5,6,6,1,12.8041772421728
0.5,6,6,2,12.8437668674807
0.5,6,6,3,11.9005745183808
0.5,6,6,4,12.8079073499558
0.5,6,7,1,12.9164930301608
0.5,6,7,2,12.6662506854162
0.5,6,7,3,12.776897834433
0.5,6,7,4,12.5279892808569
0.5,6,8,1,12.807095290214
0.5,6,8,2,12.8671963308682
0.5,6,8,3,12.3422159626382
0.5,6,8,4,12.6934624502511
0.5,6,9,1,12.843418252637
0.5,6,9,2,12.7726891193037
0.5,6,9,3,12.5997666470543
0.5,6,9,4,11.6754707038861
0.5,6,10,1,12.86374207397
0.5,6,10,2,11.8848926313852
0.5,6,10,3,12.5282603967719
0.5,6,10,4,12.756247916874
0.6,6,1,1,11.9903972234123
0.6,6,1,2,11.6421799586292
0.6,6,1,3,11.5989504544658
0.6,6,1,4,11.5304202643806
0.6,6,2,1,11.9703487831101
0.6,6,2,2,11.6729924604935
0.6,6,2,3,11.2680496264817
0.6,6,2,4,10.7067616732021
0.6,6,3,1,12.0731473168516
0.6,6,3,2,11.5409298645401
0.6,6,3,3,11.763139461912
0.6,6,3,4,11.6378219182668
0.6,6,4,1,12.062905582228
0.6,6,4,2,11.4196935745956
0.6,6,4,3,11.9490192498625
0.6,6,4,4,11.2689564199297
0.6,6,5,1,12.046567976069
0.6,6,5,2,11.8119025116783
0.6,6,5,3,11.7967621920498
0.6,6,5,4,11.7226489504821
0.6,6,6,1,11.9079641548462
0.6,6,6,2,11.5781317636129
0.6,6,6,3,11.975308562184
0.6,6,6,4,11.8611940249619
0.6,6,7,1,11.8994064464147
0.6,6,7,2,11.9792934325783
0.6,6,7,3,11.1806716922443
0.6,6,7,4,11.8595867290547
0.6,6,8,1,11.9838446529968
0.6,6,8,2,11.8865412959237
0.6,6,8,3,11.7467675759205
0.6,6,8,4,11.6374382791308
0.6,6,9,1,11.8468022359693
0.6,6,9,2,11.3075367880503
0.6,6,9,3,11.9020772831976
0.6,6,9,4,10.9176258242011
0.6,6,10,1,11.9658850023575
0.6,6,10,2,11.7180555595967
0.6,6,10,3,11.2234388764442
0.6,6,10,4,12.1030893466862
0.7,6,1,1,10.5639075487369
0.7,6,1,2,10.6111899374069
0.7,6,1,3,10.6311905040295
0.7,6,1,4,10.3411439477714
0.7,6,2,1,10.2943315723931
0.7,6,2,2,10.3724017704476
0.7,6,2,3,10.4036938856519
0.7,6,2,4,10.3927031445236
0.7,6,3,1,10.0927333071117
0.7,6,3,2,10.2059734017235
0.7,6,3,3,10.6419005255645
0.7,6,3,4,10.0225124802382
0.7,6,4,1,10.7255802037816
0.7,6,4,2,10.6896441253458
0.7,6,4,3,10.2541841082137
0.7,6,4,4,9.48876553646415
0.7,6,5,1,9.06957788301356
0.7,6,5,2,10.1377016830161
0.7,6,5,3,9.80511529190401
0.7,6,5,4,10.3150220304576
0.7,6,6,1,10.6462742731572
0.7,6,6,2,9.89768825872082
0.7,6,6,3,10.234100760086
0.7,6,6,4,9.78180722384672
0.7,6,7,1,10.6075015350965
0.7,6,7,2,9.23387854488798
0.7,6,7,3,10.4792305694472
0.7,6,7,4,10.184272618071
0.7,6,8,1,10.5021838044522
0.7,6,8,2,10.3721877166758
0.7,6,8,3,10.4291214718409
0.7,6,8,4,9.02526899563197
0.7,6,9,1,10.670318404727
0.7,6,9,2,9.72919724278611
0.7,6,9,3,10.3153025957386
0.7,6,9,4,9.91467957408556
0.7,6,10,1,10.4168219182463
0.7,6,10,2,9.70883809020448
0.7,6,10,3,10.5554366175692
0.7,6,10,4,9.84803175274637
0,7,1,1,14.6085768790351
0,7,1,2,14.6085768790351
0,7,1,3,14.6085768790351
0,7,1,4,14.6085768790351
0,7,2,1,14.6085768790351
0,7,2,2,14.6085768790351
0,7,2,3,14.6085768790351
0,7,2,4,14.6085768790351
0,7,3,1,14.6085768790351
0,7,3,2,14.6085768790351
0,7,3,3,14.6085768790351
0,7,3,4,14.6085768790351
0,7,4,1,14.6085768790351
0,7,4,2,14.6085768790351
0,7,4,3,14.6085768790351
0,7,4,4,14.6085768790351
0,7,5,1,14.6085768790351
0,7,5,2,14.6085768790351
0,7,5,3,14.6085768790351
0,7,5,4,14.6085768790351
0,7,6,1,14.6085768790351
0,7,6,2,14.6085768790351
0,7,6,3,14.6085768790351
0,7,6,4,14.6085768790351
0,7,7,1,14.6085768790351
0,7,7,2,14.6085768790351
0,7,7,3,14.6085768790351
0,7,7,4,14.6085768790351
0,7,8,1,14.6085768790351
0,7,8,2,14.6085768790351
0,7,8,3,14.6085768790351
0,7,8,4,14.6085768790351
0,7,9,1,14.6085768790351
0,7,9,2,14.6085768790351
0,7,9,3,14.6085768790351
0,7,9,4,14.6085768790351
0,7,10,1,14.6085768790351
0,7,10,2,14.6085768790351
0,7,10,3,14.6085768790351
0,7,10,4,14.6085768790351
0.1,7,1,1,14.419016140979
0.1,7,1,2,14.4086076600137
0.1,7,1,3,14.3260651630836
0.1,7,1,4,14.2618212850387
0.1,7,2,1,14.4196924780773
0.1,7,2,2,14.3310355370264
0.1,7,2,3,14.2674994297269
0.1,7,2,4,14.2618212850387
0.1,7,3,1,14.4106432859502
0.1,7,3,2,14.3310355370264
0.1,7,3,3,14.3493502357231
0.1,7,3,4,14.2946495995631
0.1,7,4,1,14.4196924780773
0.1,7,4,2,14.3900928760743
0.1,7,4,3,14.3260651630836
0.1,7,4,4,14.3947489226048
0.1,7,5,1,14.4178472801673
0.1,7,5,2,14.3988755138143
0.1,7,5,3,14.3934209954925
0.1,7,5,4,14.3249410762038
0.1,7,6,1,14.4178472801673
0.1,7,6,2,14.3247179094286
0.1,7,6,3,14.3934209954925
0.1,7,6,4,14.2618212850387
0.1,7,7,1,14.4161210833869
0.1,7,7,2,14.3784410822407
0.1,7,7,3,14.3831193067924
0.1,7,7,4,14.3698040334296
0.1,7,8,1,14.4011012840519
0.1,7,8,2,14.4049952386467
0.1,7,8,3,14.2674994297269
0.1,7,8,4,14.3502363982419
0.1,7,9,1,14.4005660177043
0.1,7,9,2,14.3784410822407
0.1,7,9,3,14.3684841874045
0.1,7,9,4,14.2946495995631
0.1,7,10,1,14.4106432859502
0.1,7,10,2,14.4098016659186
0.1,7,10,3,14.2674994297269
0.1,7,10,4,14.3919878210555
0.2,7,1,1,14.1602553285725
0.2,7,1,2,14.1687384451419
0.2,7,1,3,14.0814705801877
0.2,7,1,4,13.8805034660233
0.2,7,2,1,14.1575008249455
0.2,7,2,2,14.0941824955462
0.2,7,2,3,14.0360807502078
0.2,7,2,4,14.1410314363672
0.2,7,3,1,14.1784090675771
0.2,7,3,2,14.118559835654
0.2,7,3,3,13.9441424717463
0.2,7,3,4,14.0872282847441
0.2,7,4,1,14.1488258812575
0.2,7,4,2,14.1445826082415
0.2,7,4,3,14.1448217304895
0.2,7,4,4,14.0988683609765
0.2,7,5,1,14.1866938472488
0.2,7,5,2,13.9995130858819
0.2,7,5,3,14.1220055710946
0.2,7,5,4,13.8246256122207
0.2,7,6,1,14.1764224907474
0.2,7,6,2,14.1492787878022
0.2,7,6,3,14.0276254836609
0.2,7,6,4,14.0493168560441
0.2,7,7,1,14.1673618094168
0.2,7,7,2,14.1497023675443
0.2,7,7,3,13.9238398099734
0.2,7,7,4,14.0981402817132
0.2,7,8,1,14.1766040103161
0.2,7,8,2,14.1457403167815
0.2,7,8,3,13.9024545927948
0.2,7,8,4,13.5984894265993
0.2,7,9,1,14.1784614434323
0.2,7,9,2,14.0661465959739
0.2,7,9,3,13.9441424717463
0.2,7,9,4,13.8805034660233
0.2,7,10,1,14.1565739713049
0.2,7,10,2,14.0623397123272
0.2,7,10,3,13.9767589730937
0.2,7,10,4,13.921277516953
0.3,7,1,1,13.8012120941746
0.3,7,1,2,13.8296931097621
0.3,7,1,3,13.5841001969981
0.3,7,1,4,13.8739233033342
0.3,7,2,1,13.871641408439
0.3,7,2,2,13.7892282018812
0.3,7,2,3,13.7540806357234
0.3,7,2,4,13.5229946085869
0.3,7,3,1,13.8742240101857
0.3,7,3,2,13.7731478148792
0.3,7,3,3,13.6593766483327
0.3,7,3,4,13.5523306594295
0.3,7,4,1,13.8168705972204
0.3,7,4,2,13.6850415148499
0.3,7,4,3,13.8659391397639
0.3,7,4,4,13.7245902689607
0.3,7,5,1,13.7482671239158
0.3,7,5,2,13.7226641118924
0.3,7,5,3,13.6388035138311
0.3,7,5,4,13.8545374768931
0.3,7,6,1,13.8848265484995
0.3,7,6,2,13.8148654515843
0.3,7,6,3,13.8008852001114
0.3,7,6,4,13.3817050152215
0.3,7,7,1,13.8575603192033
0.3,7,7,2,13.7692636663717
0.3,7,7,3,13.8589852469169
0.3,7,7,4,13.5898667273086
0.3,7,8,1,13.8806303906486
0.3,7,8,2,13.8349545289717
0.3,7,8,3,13.7053348621568
0.3,7,8,4,13.8508505703048
0.3,7,9,1,13.8831035487383
0.3,7,9,2,13.8386170436152
0.3,7,9,3,13.8322134700323
0.3,7,9,4,13.6527569242676
0.3,7,10,1,13.8799066320711
0.3,7,10,2,13.8466717736806
0.3,7,10,3,13.8524832260387
0.3,7,10,4,13.7062400973202
0.4,7,1,1,13.4428956292714
0.4,7,1,2,13.1343756951559
0.4,7,1,3,13.1442297475652
0.4,7,1,4,13.2687323694015
0.4,7,2,1,13.4803649583733
0.4,7,2,2,13.4282962513714
0.4,7,2,3,12.6888051281718
0.4,7,2,4,13.1971240915891
0.4,7,3,1,13.4604647272861
0.4,7,3,2,13.376814900436
0.4,7,3,3,12.9152781410404
0.4,7,3,4,12.8775223142864
0.4,7,4,1,13.4927311448788
0.4,7,4,2,13.3070208026965
0.4,7,4,3,13.2608865122509
0.4,7,4,4,13.4199654742291
0.4,7,5,1,13.4151885868364
0.4,7,5,2,13.3253807768968
0.4,7,5,3,13.2434856753815
0.4,7,5,4,13.3464527956602
0.4,7,6,1,13.3496150887223
0.4,7,6,2,13.366070139851
0.4,7,6,3,13.3674885943281
0.4,7,6,4,13.4656727090835
0.4,7,7,1,13.3596307687653
0.4,7,7,2,13.4772039621884
0.4,7,7,3,13.256084315787
0.4,7,7,4,13.236208870819
0.4,7,8,1,13.3516639253465
0.4,7,8,2,13.4693728646334
0.4,7,8,3,12.8072720646725
0.4,7,8,4,13.3300786187825
0.4,7,9,1,13.4647730153258
0.4,7,9,2,13.1682918288704
0.4,7,9,3,13.107807056429
0.4,7,9,4,13.1316417209934
0.4,7,10,1,13.404717397973
0.4,7,10,2,13.4037937948296
0.4,7,10,3,13.2696643362231
0.4,7,10,4,13.1761775762376
0.5,7,1,1,12.8495481892749
0.5,7,1,2,12.3699135319126
0.5,7,1,3,12.8043760168911
0.5,7,1,4,12.4677460566804
0.5,7,2,1,12.9013697572106
0.5,7,2,2,12.9249117665017
0.5,7,2,3,12.7409469198733
0.5,7,2,4,12.3945023233472
0.5,7,3,1,12.911649034902
0.5,7,3,2,12.8442949143172
0.5,7,3,3,12.5194772988295
0.5,7,3,4,12.7572707580736
0.5,7,4,1,12.8409830412828
0.5,7,4,2,12.5715913658238
0.5,7,4,3,12.7760507691745
0.5,7,4,4,12.8126821040937
0.5,7,5,1,12.7682578766387
0.5,7,5,2,12.854458655333
0.5,7,5,3,12.6467305756253
0.5,7,5,4,12.3134065468449
0.5,7,6,1,12.8401577345934
0.5,7,6,2,12.865148025384
0.5,7,6,3,12.4928308474773
0.5,7,6,4,11.7022403394879
0.5,7,7,1,12.8438722203381
0.5,7,7,2,12.5945136474284
0.5,7,7,3,12.5947772678212
0.5,7,7,4,12.7811112705461
0.5,7,8,1,12.854395459309
0.5,7,8,2,12.8659078773018
0.5,7,8,3,12.7647928549536
0.5,7,8,4,12.676325579251
0.5,7,9,1,12.9006358931757
0.5,7,9,2,12.5153108118693
0.5,7,9,3,12.8237913561843
0.5,7,9,4,12.742642754292
0.5,7,10,1,12.8782980282852
0.5,7,10,2,12.7977938538142
0.5,7,10,3,12.8164146081908
0.5,7,10,4,12.830806473916
0.6,7,1,1,11.8625166223516
0.6,7,1,2,12.0033006264258
0.6,7,1,3,12.0158092120759
0.6,7,1,4,12.0553724219523
0.6,7,2,1,11.9594285222616
0.6,7,2,2,11.6361486599574
0.6,7,2,3,11.8567770222295
0.6,7,2,4,11.9004889498233
0.6,7,3,1,11.964998749488
0.6,7,3,2,11.9308037621287
0.6,7,3,3,11.8287139377737
0.6,7,3,4,11.8320225920341
0.6,7,4,1,12.0869437661841
0.6,7,4,2,11.867799611662
0.6,7,4,3,11.7852393590133
0.6,7,4,4,11.881477854415
0.6,7,5,1,11.9581582550727
0.6,7,5,2,11.9282284837634
0.6,7,5,3,11.5040234112321
0.6,7,5,4,11.0451831989988
0.6,7,6,1,11.954415465038
0.6,7,6,2,11.8504181982019
0.6,7,6,3,11.8589297486969
0.6,7,6,4,11.5678121186535
0.6,7,7,1,11.6201103013168
0.6,7,7,2,11.5899565235707
0.6,7,7,3,9.92496425743665
0.6,7,7,4,11.624283386347
0.6,7,8,1,12.0019470119642
0.6,7,8,2,11.9214379212091
0.6,7,8,3,11.9703961938368
0.6,7,8,4,11.6383633280787
0.6,7,9,1,12.0221266638945
0.6,7,9,2,11.8213811060535
0.6,7,9,3,11.9260574478053
0.6,7,9,4,12.0285086857219
0.6,7,10,1,12.0939466288661
0.6,7,10,2,11.6066753575949
0.6,7,10,3,11.6799415930588
0.6,7,10,4,11.9154298498622
0.7,7,1,1,10.2756785457872
0.7,7,1,2,10.3269131648787
0.7,7,1,3,9.7378796150106
0.7,7,1,4,10.4776877149017
0.7,7,2,1,10.6990113308862
0.7,7,2,2,10.2980153277451
0.7,7,2,3,10.2611414976541
0.7,7,2,4,10.6072398022801
0.7,7,3,1,10.719948499137
0.7,7,3,2,10.3014255833517
0.7,7,3,3,9.98822697340307
0.7,7,3,4,10.5237998979223
0.7,7,4,1,10.4758202906488
0.7,7,4,2,10.012093485537
0.7,7,4,3,10.358816615933
0.7,7,4,4,9.86700643619859
0.7,7,5,1,10.6594032959839
0.7,7,5,2,10.670204355545
0.7,7,5,3,9.53818147169748
0.7,7,5,4,10.3049697347896
0.7,7,6,1,10.6417823223512
0.7,7,6,2,10.6587477532892
0.7,7,6,3,10.6676965454532
0.7,7,6,4,10.4453341710653
0.7,7,7,1,10.7189609705654
0.7,7,7,2,10.5285978743682
0.7,7,7,3,10.5653041003776
0.7,7,7,4,10.4136063474158
0.7,7,8,1,10.6893298782522
0.7,7,8,2,10.6765868108519
0.7,7,8,3,10.0587380444233
0.7,7,8,4,10.5447529154988
0.7,7,9,1,10.51950042338
0.7,7,9,2,10.4304276261829
0.7,7,9,3,10.6833830895116
0.7,7,9,4,10.7073926835627
0.7,7,10,1,10.5907928788565
0.7,7,10,2,10.0793452290297
0.7,7,10,3,10.3444215933234
0.7,7,10,4,10.3204031532135
0,8,1,1,14.6085768790351
0,8,1,2,14.6085768790351
0,8,1,3,14.6085768790351
0,8,1,4,14.6085768790351
0,8,2,1,14.6085768790351
0,8,2,2,14.6085768790351
0,8,2,3,14.6085768790351
0,8,2,4,14.6085768790351
0,8,3,1,14.6085768790351
0,8,3,2,14.6085768790351
0,8,3,3,14.6085768790351
0,8,3,4,14.6085768790351
0,8,4,1,14.6085768790351
0,8,4,2,14.6085768790351
0,8,4,3,14.6085768790351
0,8,4,4,14.6085768790351
0,8,5,1,14.6085768790351
0,8,5,2,14.6085768790351
0,8,5,3,14.6085768790351
0,8,5,4,14.6085768790351
0,8,6,1,14.6085768790351
0,8,6,2,14.6085768790351
0,8,6,3,14.6085768790351
0,8,6,4,14.6085768790351
0,8,7,1,14.6085768790351
0,8,7,2,14.6085768790351
0,8,7,3,14.6085768790351
0,8,7,4,14.6085768790351
0,8,8,1,14.6085768790351
0,8,8,2,14.6085768790351
0,8,8,3,14.6085768790351
0,8,8,4,14.6085768790351
0,8,9,1,14.6085768790351
0,8,9,2,14.6085768790351
0,8,9,3,14.6085768790351
0,8,9,4,14.6085768790351
0,8,10,1,14.6085768790351
0,8,10,2,14.6085768790351
0,8,10,3,14.6085768790351
0,8,10,4,14.6085768790351
0.1,8,1,1,14.4131324077087
0.1,8,1,2,14.3771825879865
0.1,8,1,3,14.3276194562822
0.1,8,1,4,14.3480419173259
0.1,8,2,1,14.4093802582636
0.1,8,2,2,14.363921313869
0.1,8,2,3,14.3667622167638
0.1,8,2,4,14.3233957534788
0.1,8,3,1,14.4203735264797
0.1,8,3,2,14.3528232068345
0.1,8,3,3,14.3953107791265
0.1,8,3,4,14.2979179587085
0.1,8,4,1,14.4131324077087
0.1,8,4,2,14.363921313869
0.1,8,4,3,14.4112911373324
0.1,8,4,4,14.3233957534788
0.1,8,5,1,14.4209838978987
0.1,8,5,2,14.363921313869
0.1,8,5,3,14.4095192718114
0.1,8,5,4,14.3859891049991
0.1,8,6,1,14.4177984873644
0.1,8,6,2,14.3771825879865
0.1,8,6,3,14.3116043767119
0.1,8,6,4,14.3480419173259
0.1,8,7,1,14.4063827289665
0.1,8,7,2,14.3987375403678
0.1,8,7,3,14.3667622167638
0.1,8,7,4,14.3979677100184
0.1,8,8,1,14.4063827289665
0.1,8,8,2,14.3889715024157
0.1,8,8,3,14.3061729505227
0.1,8,8,4,14.4051705007538
0.1,8,9,1,14.4056584662588
0.1,8,9,2,14.4157450115635
0.1,8,9,3,14.382792623165
0.1,8,9,4,14.3979677100184
0.1,8,10,1,14.4063827289665
0.1,8,10,2,14.3889715024157
0.1,8,10,3,14.3478278692743
0.1,8,10,4,14.3692504760137
0.2,8,1,1,14.1881903461194
0.2,8,1,2,14.121217118395
0.2,8,1,3,13.9024733352483
0.2,8,1,4,14.0312990209749
0.2,8,2,1,14.14703069771
0.2,8,2,2,14.1660879969462
0.2,8,2,3,14.041071668854
0.2,8,2,4,14.0397368028621
0.2,8,3,1,14.1826755096694
0.2,8,3,2,14.1514466888807
0.2,8,3,3,14.1111936515181
0.2,8,3,4,14.0675573605399
0.2,8,4,1,14.1270596838887
0.2,8,4,2,14.1784981724247
0.2,8,4,3,14.0830257606189
0.2,8,4,4,14.1724283074687
0.2,8,5,1,14.1861159242084
0.2,8,5,2,14.0415579203677
0.2,8,5,3,13.9687612005019
0.2,8,5,4,14.0039459620775
0.2,8,6,1,14.1744452581319
0.2,8,6,2,14.1313889444802
0.2,8,6,3,13.9203344779511
0.2,8,6,4,14.1003960517826
0.2,8,7,1,14.1846898130051
0.2,8,7,2,14.1706465034038
0.2,8,7,3,14.1040614305248
0.2,8,7,4,14.1338851016745
0.2,8,8,1,14.1600163477014
0.2,8,8,2,14.070095219001
0.2,8,8,3,14.1805342480816
0.2,8,8,4,14.164305402294
0.2,8,9,1,14.1813951198192
0.2,8,9,2,14.1368205300549
0.2,8,9,3,14.0321475540077
0.2,8,9,4,14.1591161248452
0.2,8,10,1,14.1628788100159
0.2,8,10,2,13.9761056863357
0.2,8,10,3,13.8168888927687
0.2,8,10,4,14.0013794904496
0.3,8,1,1,13.8679183551633
0.3,8,1,2,13.8025772042636
0.3,8,1,3,13.6802327789822
0.3,8,1,4,13.4090788150732
0.3,8,2,1,13.8827363362662
0.3,8,2,2,13.7491607089845
0.3,8,2,3,13.7559193251447
0.3,8,2,4,13.8685726100636
0.3,8,3,1,13.8355489335153
0.3,8,3,2,13.778885044942
0.3,8,3,3,13.803765157089
0.3,8,3,4,13.4329474805537
0.3,8,4,1,13.7725531597696
0.3,8,4,2,13.7347779661373
0.3,8,4,3,13.8180558737107
0.3,8,4,4,13.5163472592696
0.3,8,5,1,13.8731674295897
0.3,8,5,2,13.6319151371929
0.3,8,5,3,13.854355884318
0.3,8,5,4,13.8483550207648
0.3,8,6,1,13.8636209268303
0.3,8,6,2,13.8630920783792
0.3,8,6,3,13.8796490565986
0.3,8,6,4,13.5227800626889
0.3,8,7,1,13.8493203698184
0.3,8,7,2,13.7957454763658
0.3,8,7,3,13.5885530410704
0.3,8,7,4,13.8151380902919
0.3,8,8,1,13.8974571511163
0.3,8,8,2,13.837219015841
0.3,8,8,3,13.88754979598
0.3,8,8,4,13.58557700606
0.3,8,9,1,13.8172608317343
0.3,8,9,2,13.8066100240103
0.3,8,9,3,13.7498105363456
0.3,8,9,4,13.7647599890177
0.3,8,10,1,13.8711540125293
0.3,8,10,2,13.5196169639496
0.3,8,10,3,13.3535813619044
0.3,8,10,4,13.7916920445207
0.4,8,1,1,13.4568756255975
0.4,8,1,2,13.3763575072123
0.4,8,1,3,12.5839313766046
0.4,8,1,4,13.3260142969433
0.4,8,2,1,13.4202774546961
0.4,8,2,2,13.4918201931895
0.4,8,2,3,13.4517316725507
0.4,8,2,4,13.3409562219464
0.4,8,3,1,13.3982398825448
0.4,8,3,2,13.3900595233559
0.4,8,3,3,13.4780257037227
0.4,8,3,4,13.1517156012658
0.4,8,4,1,13.4858478999052
0.4,8,4,2,13.2195421004778
0.4,8,4,3,13.3892534757767
0.4,8,4,4,12.8345067841585
0.4,8,5,1,13.4436510809514
0.4,8,5,2,13.4339186400513
0.4,8,5,3,13.284874574039
0.4,8,5,4,13.4388289542272
0.4,8,6,1,13.4208544287559
0.4,8,6,2,13.3692325506829
0.4,8,6,3,13.0087058703888
0.4,8,6,4,13.3982765306743
0.4,8,7,1,13.3689690611968
0.4,8,7,2,13.3096164589564
0.4,8,7,3,13.4486526307497
0.4,8,7,4,13.1676061610619
0.4,8,8,1,13.3972123531403
0.4,8,8,2,12.9947767172934
0.4,8,8,3,13.1142612771861
0.4,8,8,4,13.4970048355002
0.4,8,9,1,13.4903713805309
0.4,8,9,2,13.3446295263339
0.4,8,9,3,13.4274228397444
0.4,8,9,4,13.330353901213
0.4,8,10,1,13.4711999487671
0.4,8,10,2,13.4865597209249
0.4,8,10,3,13.4166569081475
0.4,8,10,4,13.2478866185766
0.5,8,1,1,12.9382892210995
0.5,8,1,2,12.6927713372731
0.5,8,1,3,12.7014200237246
0.5,8,1,4,12.3165431455361
0.5,8,2,1,12.8939740148263
0.5,8,2,2,12.922909066122
0.5,8,2,3,12.6338871540774
0.5,8,2,4,12.7522405712924
0.5,8,3,1,12.9106849977527
0.5,8,3,2,12.830192070339
0.5,8,3,3,12.805535888598
0.5,8,3,4,12.7760202654247
0.5,8,4,1,12.8354643668969
0.5,8,4,2,12.7461787068286
0.5,8,4,3,12.6986134543689
0.5,8,4,4,12.266910849833
0.5,8,5,1,12.9377485006797
0.5,8,5,2,12.4012525093943
0.5,8,5,3,12.6199285738171
0.5,8,5,4,12.6027651224942
0.5,8,6,1,12.7499087696071
0.5,8,6,2,12.8951913517057
0.5,8,6,3,12.6628225694037
0.5,8,6,4,12.8551033126548
0.5,8,7,1,12.9155808147183
0.5,8,7,2,12.7819819953741
0.5,8,7,3,12.6996824871249
0.5,8,7,4,12.7672519368086
0.5,8,8,1,12.8049706494365
0.5,8,8,2,12.8937192972189
0.5,8,8,3,12.834284084555
0.5,8,8,4,12.5789556182962
0.5,8,9,1,12.8049706494365
0.5,8,9,2,12.8320064229099
0.5,8,9,3,12.5865222958778
0.5,8,9,4,12.9100551382514
0.5,8,10,1,12.8300011675823
0.5,8,10,2,12.9266986587957
0.5,8,10,3,12.9310053402192
0.5,8,10,4,12.737534462227
0.6,8,1,1,11.9835540103426
0.6,8,1,2,11.9840943289165
0.6,8,1,3,11.5714303364731
0.6,8,1,4,11.9789495372066
0.6,8,2,1,12.0751029862885
0.6,8,2,2,11.9842048520987
0.6,8,2,3,11.9129358590876
0.6,8,2,4,11.9520922060091
0.6,8,3,1,11.811907641527
0.6,8,3,2,11.9367284108896
0.6,8,3,3,11.881315534549
0.6,8,3,4,11.9130825994038
0.6,8,4,1,12.037241407831
0.6,8,4,2,12.0621747002407
0.6,8,4,3,11.629570573049
0.6,8,4,4,11.8071367285736
0.6,8,5,1,12.0090088038576
0.6,8,5,2,12.0081783345031
0.6,8,5,3,11.5758179509172
0.6,8,5,4,11.7058713617189
0.6,8,6,1,12.0712806690532
0.6,8,6,2,12.0841015877299
0.6,8,6,3,12.0869264255054
0.6,8,6,4,11.7532506851593
0.6,8,7,1,11.9671082310964
0.6,8,7,2,12.0599576173003
0.6,8,7,3,11.8849790799536
0.6,8,7,4,12.0829583036807
0.6,8,8,1,11.7000767506593
0.6,8,8,2,11.8806409285332
0.6,8,8,3,11.8452261456838
0.6,8,8,4,11.5306384018502
0.6,8,9,1,11.9824970458518
0.6,8,9,2,12.0653154221881
0.6,8,9,3,11.2358580370396
0.6,8,9,4,11.8773654207329
0.6,8,10,1,11.8731564736884
0.6,8,10,2,11.7630140244529
0.6,8,10,3,11.937137306892
0.6,8,10,4,11.7387134356299
0.7,8,1,1,10.6889092971253
0.7,8,1,2,10.4533722684071
0.7,8,1,3,10.1891608638215
0.7,8,1,4,10.3949233391182
0.7,8,2,1,10.5102125824921
0.7,8,2,2,10.651149143977
0.7,8,2,3,10.2808722687514
0.7,8,2,4,10.45721380358
0.7,8,3,1,10.5293391759652
0.7,8,3,2,10.214480462414
0.7,8,3,3,10.0455705492115
0.7,8,3,4,10.4150310568196
0.7,8,4,1,10.6068493411665
0.7,8,4,2,10.6181479391306
0.7,8,4,3,10.5647498438522
0.7,8,4,4,10.5508086165076
0.7,8,5,1,10.5829313220683
0.7,8,5,2,10.4958997731081
0.7,8,5,3,10.5921061412388
0.7,8,5,4,10.2172106301126
0.7,8,6,1,10.4921185186054
0.7,8,6,2,10.533222891233
0.7,8,6,3,10.4682538719342
0.7,8,6,4,9.72210039731588
0.7,8,7,1,10.7114508060089
0.7,8,7,2,10.6177698907879
0.7,8,7,3,10.2373744380546
0.7,8,7,4,10.0816406169051
0.7,8,8,1,10.584185281893
0.7,8,8,2,10.6035669184967
0.7,8,8,3,10.6276906834639
0.7,8,8,4,10.3351902510957
0.7,8,9,1,10.4162568416226
0.7,8,9,2,10.5872276689511
0.7,8,9,3,10.5980066349271
0.7,8,9,4,10.288635060649
0.7,8,10,1,10.4941132032595
0.7,8,10,2,10.5720588549731
0.7,8,10,3,10.3929461343447
0.7,8,10,4,10.3462717070305
0,9,1,1,14.6085768790351
0,9,1,2,14.6085768790351
0,9,1,3,14.6085768790351
0,9,1,4,14.6085768790351
0,9,2,1,14.6085768790351
0,9,2,2,14.6085768790351
0,9,2,3,14.6085768790351
0,9,2,4,14.6085768790351
0,9,3,1,14.6085768790351
0,9,3,2,14.6085768790351
0,9,3,3,14.6085768790351
0,9,3,4,14.6085768790351
0,9,4,1,14.6085768790351
0,9,4,2,14.6085768790351
0,9,4,3,14.6085768790351
0,9,4,4,14.6085768790351
0,9,5,1,14.6085768790351
0,9,5,2,14.6085768790351
0,9,5,3,14.6085768790351
0,9,5,4,14.6085768790351
0,9,6,1,14.6085768790351
0,9,6,2,14.6085768790351
0,9,6,3,14.6085768790351
0,9,6,4,14.6085768790351
0,9,7,1,14.6085768790351
0,9,7,2,14.6085768790351
0,9,7,3,14.6085768790351
0,9,7,4,14.6085768790351
0,9,8,1,14.6085768790351
0,9,8,2,14.6085768790351
0,9,8,3,14.6085768790351
0,9,8,4,14.6085768790351
0,9,9,1,14.6085768790351
0,9,9,2,14.6085768790351
0,9,9,3,14.6085768790351
0,9,9,4,14.6085768790351
0,9,10,1,14.6085768790351
0,9,10,2,14.6085768790351
0,9,10,3,14.6085768790351
0,9,10,4,14.6085768790351
0.1,9,1,1,14.4189265221908
0.1,9,1,2,14.3693358014711
0.1,9,1,3,14.3349307329826
0.1,9,1,4,14.3122655659971
0.1,9,2,1,14.4116172415193
0.1,9,2,2,14.3967056298754
0.1,9,2,3,14.4170917900791
0.1,9,2,4,14.3122655659971
0.1,9,3,1,14.4092603408335
0.1,9,3,2,14.387094933546
0.1,9,3,3,14.3378298191638
0.1,9,3,4,14.3828085705786
0.1,9,4,1,14.4092603408335
0.1,9,4,2,14.3767903742958
0.1,9,4,3,14.4155841686191
0.1,9,4,4,14.3652485273008
0.1,9,5,1,14.4202605271639
0.1,9,5,2,14.3967056298754
0.1,9,5,3,14.4155841686191
0.1,9,5,4,14.3082100630615
0.1,9,6,1,14.421187286738
0.1,9,6,2,14.4111609613415
0.1,9,6,3,14.4170917900791
0.1,9,6,4,14.3082100630615
0.1,9,7,1,14.4105945294368
0.1,9,7,2,14.4047934737498
0.1,9,7,3,14.4155841686191
0.1,9,7,4,14.3122655659971
0.1,9,8,1,14.4092603408335
0.1,9,8,2,14.3967056298754
0.1,9,8,3,14.3643355843259
0.1,9,8,4,14.3082100630615
0.1,9,9,1,14.4202605271639
0.1,9,9,2,14.4111609613415
0.1,9,9,3,14.3378298191638
0.1,9,9,4,14.3082100630615
0.1,9,10,1,14.4202605271639
0.1,9,10,2,14.3967056298754
0.1,9,10,3,14.4034891993222
0.1,9,10,4,14.3453404157131
0.2,9,1,1,14.1744205586653
0.2,9,1,2,14.1779467187782
0.2,9,1,3,14.1344584683292
0.2,9,1,4,13.9770602978797
0.2,9,2,1,14.1896507266809
0.2,9,2,2,14.1613852545549
0.2,9,2,3,14.1317609774295
0.2,9,2,4,14.1002327875584
0.2,9,3,1,14.1884288821253
0.2,9,3,2,13.9946105818339
0.2,9,3,3,14.1622471675211
0.2,9,3,4,14.1396315324245
0.2,9,4,1,14.1853322627975
0.2,9,4,2,14.1717656486118
0.2,9,4,3,14.1948752518964
0.2,9,4,4,14.1212376031872
0.2,9,5,1,14.1913884624044
0.2,9,5,2,14.1341555103737
0.2,9,5,3,14.0408443545793
0.2,9,5,4,14.0780709895595
0.2,9,6,1,14.1781101534841
0.2,9,6,2,14.1762651725039
0.2,9,6,3,14.1485284067197
0.2,9,6,4,14.1371772153301
0.2,9,7,1,14.184217407104
0.2,9,7,2,14.0843639743848
0.2,9,7,3,14.1828779047841
0.2,9,7,4,14.109858016447
0.2,9,8,1,14.1882225715928
0.2,9,8,2,14.1633618592775
0.2,9,8,3,14.1595367194908
0.2,9,8,4,14.1527359305965
0.2,9,9,1,14.1745523721143
0.2,9,9,2,14.174328022141
0.2,9,9,3,14.1241363305051
0.2,9,9,4,13.8663923679043
0.2,9,10,1,14.1806336888795
0.2,9,10,2,14.1633618592775
0.2,9,10,3,13.9407726400044
0.2,9,10,4,14.0201007971651
0.3,9,1,1,13.8806429770731
0.3,9,1,2,13.870996976184
0.3,9,1,3,13.8165288690599
0.3,9,1,4,13.7932789992414
0.3,9,2,1,13.8909827237122
0.3,9,2,2,13.8188301808679
0.3,9,2,3,13.6731258117993
0.3,9,2,4,13.8335621999172
0.3,9,3,1,13.8882367777459
0.3,9,3,2,13.7661518478097
0.3,9,3,3,13.8317816378927
0.3,9,3,4,13.8196067769188
0.3,9,4,1,13.8654950793508
0.3,9,4,2,13.7242195223953
0.3,9,4,3,13.7442015731609
0.3,9,4,4,13.649502998859
0.3,9,5,1,13.8870797846803
0.3,9,5,2,13.8762618021402
0.3,9,5,3,13.8475481885623
0.3,9,5,4,13.5536016923923
0.3,9,6,1,13.875698709957
0.3,9,6,2,13.8492240021581
0.3,9,6,3,13.708021811257
0.3,9,6,4,13.7693694504805
0.3,9,7,1,13.8589057320775
0.3,9,7,2,13.8550786800451
0.3,9,7,3,13.8044465700385
0.3,9,7,4,13.8008695139167
0.3,9,8,1,13.8430824137748
0.3,9,8,2,13.8548716440998
0.3,9,8,3,13.7996665112379
0.3,9,8,4,13.7649860071902
0.3,9,9,1,13.8789518239702
0.3,9,9,2,13.8769203852078
0.3,9,9,3,13.7976042260381
0.3,9,9,4,13.8011279560455
0.3,9,10,1,13.8138265278993
0.3,9,10,2,13.8822241508436
0.3,9,10,3,13.6214352329651
0.3,9,10,4,13.5627569581214
0.4,9,1,1,13.4609516907473
0.4,9,1,2,13.4183916162684
0.4,9,1,3,13.4684322148977
0.4,9,1,4,13.1556616316195
0.4,9,2,1,13.4543643099069
0.4,9,2,2,13.4202137766182
0.4,9,2,3,13.4280867901442
0.4,9,2,4,13.3919853500594
0.4,9,3,1,13.4696663595738
0.4,9,3,2,13.4110230020613
0.4,9,3,3,13.2462659897192
0.4,9,3,4,13.4621896981535
0.4,9,4,1,13.3584653422798
0.4,9,4,2,13.2416861073146
0.4,9,4,3,13.4560421189909
0.4,9,4,4,13.4413709265052
0.4,9,5,1,13.4900215964237
0.4,9,5,2,13.4849080972576
0.4,9,5,3,13.4266665769798
0.4,9,5,4,13.1502157077325
0.4,9,6,1,13.4676621167569
0.4,9,6,2,13.0745689566981
0.4,9,6,3,13.3622718860807
0.4,9,6,4,13.3624308578628
0.4,9,7,1,13.4248158698163
0.4,9,7,2,13.4617751412594
0.4,9,7,3,13.265471522842
0.4,9,7,4,13.2914735488396
0.4,9,8,1,13.4871365526138
0.4,9,8,2,13.3503504339737
0.4,9,8,3,13.4613198323644
0.4,9,8,4,13.2854963105672
0.4,9,9,1,13.4528782259552
0.4,9,9,2,13.1590153394971
0.4,9,9,3,13.4596233180985
0.4,9,9,4,13.4654390315765
0.4,9,10,1,13.4755513322064
0.4,9,10,2,13.3292584025212
0.4,9,10,3,13.3490747313721
0.4,9,10,4,13.3524283023958
0.5,9,1,1,12.8568202578674
0.5,9,1,2,12.8721115226994
0.5,9,1,3,12.9105611152742
0.5,9,1,4,12.6343090368039
0.5,9,2,1,12.9249159302899
0.5,9,2,2,12.8866220759721
0.5,9,2,3,12.7285355948697
0.5,9,2,4,12.8616253655583
0.5,9,3,1,12.9144975120579
0.5,9,3,2,12.8783584597752
0.5,9,3,3,12.6946004896611
0.5,9,3,4,12.7314777078047
0.5,9,4,1,12.7263921995938
0.5,9,4,2,12.861099000327
0.5,9,4,3,12.9331112875553
0.5,9,4,4,12.7265347119958
0.5,9,5,1,12.8667709955358
0.5,9,5,2,12.8769185391384
0.5,9,5,3,12.7117627926537
0.5,9,5,4,12.8095983552454
0.5,9,6,1,12.854785516824
0.5,9,6,2,12.9217156296807
0.5,9,6,3,12.5195095037942
0.5,9,6,4,12.7036985522061
0.5,9,7,1,12.862170172822
0.5,9,7,2,12.8229065908311
0.5,9,7,3,12.8052051216367
0.5,9,7,4,12.8641763634124
0.5,9,8,1,12.9039414327428
0.5,9,8,2,12.8521076858072
0.5,9,8,3,12.7046240369458
0.5,9,8,4,12.9312442876931
0.5,9,9,1,12.8943817163548
0.5,9,9,2,12.8944907699341
0.5,9,9,3,12.9045405358007
0.5,9,9,4,12.7481135861997
0.5,9,10,1,12.8856660975957
0.5,9,10,2,12.8133069166232
0.5,9,10,3,12.7477653616918
0.5,9,10,4,12.9426853407702
0.6,9,1,1,12.0454093031818
0.6,9,1,2,11.939851725881
0.6,9,1,3,11.9707735183778
0.6,9,1,4,11.9147278017505
0.6,9,2,1,12.0751893043861
0.6,9,2,2,12.0650382513782
0.6,9,2,3,11.7635516627264
0.6,9,2,4,12.0106425144873
0.6,9,3,1,12.0745787556373
0.6,9,3,2,11.9730800702782
0.6,9,3,3,11.963181097526
0.6,9,3,4,12.0131992973768
0.6,9,4,1,12.027662870582
0.6,9,4,2,12.1422196721446
0.6,9,4,3,12.049675847716
0.6,9,4,4,12.0527447514244
0.6,9,5,1,12.033302972574
0.6,9,5,2,12.0167089115153
0.6,9,5,3,12.1454057991983
0.6,9,5,4,11.8549800457182
0.6,9,6,1,11.9672759467964
0.6,9,6,2,11.9972552674948
0.6,9,6,3,11.9569582796138
0.6,9,6,4,11.8094168398097
0.6,9,7,1,12.1033222024807
0.6,9,7,2,11.6131509635876
0.6,9,7,3,11.72801424612
0.6,9,7,4,12.0428842611769
0.6,9,8,1,12.0609998683618
0.6,9,8,2,11.9283170167814
0.6,9,8,3,11.6147187065621
0.6,9,8,4,11.9884826168162
0.6,9,9,1,12.0473282932182
0.6,9,9,2,12.0822666326212
0.6,9,9,3,12.0023636767664
0.6,9,9,4,12.0509619079114
0.6,9,10,1,11.9033914627524
0.6,9,10,2,12.0985580104174
0.6,9,10,3,11.9220415062899
0.6,9,10,4,11.4466925886997
0.7,9,1,1,10.7095953755919
0.7,9,1,2,10.5895425068957
0.7,9,1,3,10.2378600718355
0.7,9,1,4,10.463352073521
0.7,9,2,1,10.6608829446711
0.7,9,2,2,10.4136439159052
0.7,9,2,3,10.5475877671937
0.7,9,2,4,10.6062804106709
0.7,9,3,1,10.5127093456033
0.7,9,3,2,10.5535200916495
0.7,9,3,3,9.56691916469429
0.7,9,3,4,10.4376120429244
0.7,9,4,1,10.6627854760808
0.7,9,4,2,10.2842047234361
0.7,9,4,3,10.4942366193477
0.7,9,4,4,10.3302924076387
0.7,9,5,1,10.6459517862157
0.7,9,5,2,10.2468015891273
0.7,9,5,3,10.3359796353167
0.7,9,5,4,10.5849304653411
0.7,9,6,1,10.5380783535235
0.7,9,6,2,10.5190072973749
0.7,9,6,3,10.3656814237499
0.7,9,6,4,10.3542157690892
0.7,9,7,1,10.4351618618166
0.7,9,7,2,10.5547874783188
0.7,9,7,3,10.4430163187591
0.7,9,7,4,10.5945993019048
0.7,9,8,1,10.6290708047011
0.7,9,8,2,10.5565734100061
0.7,9,8,3,10.3128760942176
0.7,9,8,4,10.6868654117974
0.7,9,9,1,10.6281073429706
0.7,9,9,2,10.1477042291211
0.7,9,9,3,10.3691972802179
0.7,9,9,4,10.499928410433
0.7,9,10,1,10.7011956132276
0.7,9,10,2,10.3950502397581
0.7,9,10,3,10.6158542000218
0.7,9,10,4,10.2077889514914
0,10,1,1,14.6085768790351
0,10,1,2,14.6085768790351
0,10,1,3,14.6085768790351
0,10,1,4,14.6085768790351
0,10,2,1,14.6085768790351
0,10,2,2,14.6085768790351
0,10,2,3,14.6085768790351
0,10,2,4,14.6085768790351
0,10,3,1,14.6085768790351
0,10,3,2,14.6085768790351
0,10,3,3,14.6085768790351
0,10,3,4,14.6085768790351
0,10,4,1,14.6085768790351
0,10,4,2,14.6085768790351
0,10,4,3,14.6085768790351
0,10,4,4,14.6085768790351
0,10,5,1,14.6085768790351
0,10,5,2,14.6085768790351
0,10,5,3,14.6085768790351
0,10,5,4,14.6085768790351
0,10,6,1,14.6085768790351
0,10,6,2,14.6085768790351
0,10,6,3,14.6085768790351
0,10,6,4,14.6085768790351
0,10,7,1,14.6085768790351
0,10,7,2,14.6085768790351
0,10,7,3,14.6085768790351
0,10,7,4,14.6085768790351
0,10,8,1,14.6085768790351
0,10,8,2,14.6085768790351
0,10,8,3,14.6085768790351
0,10,8,4,14.6085768790351
0,10,9,1,14.6085768790351
0,10,9,2,14.6085768790351
0,10,9,3,14.6085768790351
0,10,9,4,14.6085768790351
0,10,10,1,14.6085768790351
0,10,10,2,14.6085768790351
0,10,10,3,14.6085768790351
0,10,10,4,14.6085768790351
0.1,10,1,1,14.4208505232572
0.1,10,1,2,14.3867354720407
0.1,10,1,3,14.419298614257
0.1,10,1,4,14.3621933237406
0.1,10,2,1,14.4208505232572
0.1,10,2,2,14.4205938936177
0.1,10,2,3,14.3564823602502
0.1,10,2,4,14.404396345523
0.1,10,3,1,14.4197134216524
0.1,10,3,2,14.3817327083622
0.1,10,3,3,14.4001985799785
0.1,10,3,4,14.3381648978952
0.1,10,4,1,14.4121065387982
0.1,10,4,2,14.4091157431037
0.1,10,4,3,14.4154494315037
0.1,10,4,4,14.3474069239485
0.1,10,5,1,14.421667148487
0.1,10,5,2,14.4024338893189
0.1,10,5,3,14.3769488136391
0.1,10,5,4,14.4182012178553
0.1,10,6,1,14.4136776400355
0.1,10,6,2,14.3945951093755
0.1,10,6,3,14.3769488136391
0.1,10,6,4,14.4199310364826
0.1,10,7,1,14.4223040549426
0.1,10,7,2,14.3945951093755
0.1,10,7,3,14.4154494315037
0.1,10,7,4,14.3359662745197
0.1,10,8,1,14.4197134216524
0.1,10,8,2,14.3817327083622
0.1,10,8,3,14.419298614257
0.1,10,8,4,14.3359662745197
0.1,10,9,1,14.4136776400355
0.1,10,9,2,14.3817327083622
0.1,10,9,3,14.3578304153771
0.1,10,9,4,14.3359662745197
0.1,10,10,1,14.4160806074063
0.1,10,10,2,14.4144508032205
0.1,10,10,3,14.3651925584579
0.1,10,10,4,14.4199310364826
0.2,10,1,1,14.1786731601367
0.2,10,1,2,14.1871832983441
0.2,10,1,3,14.1336943971599
0.2,10,1,4,14.1729350218118
0.2,10,2,1,14.180580745164
0.2,10,2,2,14.1928944617032
0.2,10,2,3,14.1308702734818
0.2,10,2,4,14.1489402524616
0.2,10,3,1,14.1780808462328
0.2,10,3,2,14.1596960148874
0.2,10,3,3,14.1756969141222
0.2,10,3,4,14.1294711207646
0.2,10,4,1,14.1807368795245
0.2,10,4,2,14.1340554759247
0.2,10,4,3,14.0810214564296
0.2,10,4,4,13.9788955364726
0.2,10,5,1,14.1835508377813
0.2,10,5,2,14.1565761282595
0.2,10,5,3,14.1411901707422
0.2,10,5,4,14.1838263255325
0.2,10,6,1,14.1786014856218
0.2,10,6,2,14.1428307813426
0.2,10,6,3,14.1017844293225
0.2,10,6,4,14.0873716108346
0.2,10,7,1,14.1696921220001
0.2,10,7,2,14.1437272099768
0.2,10,7,3,14.1771915024488
0.2,10,7,4,14.1180980271173
0.2,10,8,1,14.1729453385417
0.2,10,8,2,14.1303988687454
0.2,10,8,3,14.14509708922
0.2,10,8,4,13.9384015474206
0.2,10,9,1,14.1868188245425
0.2,10,9,2,14.0392477515393
0.2,10,9,3,14.1194190976414
0.2,10,9,4,14.1857737201961
0.2,10,10,1,14.1671063131553
0.2,10,10,2,14.0392477515393
0.2,10,10,3,14.1098592375616
0.2,10,10,4,14.102481489484
0.3,10,1,1,13.8501655579582
0.3,10,1,2,13.8406438565461
0.3,10,1,3,13.8481167696699
0.3,10,1,4,13.8848550039869
0.3,10,2,1,13.8721281153576
0.3,10,2,2,13.8380558267696
0.3,10,2,3,13.8806695229951
0.3,10,2,4,13.6090066939795
0.3,10,3,1,13.8547778381166
0.3,10,3,2,13.8142268026942
0.3,10,3,3,13.8323056316843
0.3,10,3,4,13.5772134890875
0.3,10,4,1,13.8854076252442
0.3,10,4,2,13.8556952252797
0.3,10,4,3,13.8684082269105
0.3,10,4,4,13.8362012791628
0.3,10,5,1,13.8766046282439
0.3,10,5,2,13.8448162129356
0.3,10,5,3,13.7404391755047
0.3,10,5,4,13.8493034804736
0.3,10,6,1,13.8846047787197
0.3,10,6,2,13.8700479491097
0.3,10,6,3,13.8866080771739
0.3,10,6,4,13.8372158385164
0.3,10,7,1,13.8778540570851
0.3,10,7,2,13.8662126056671
0.3,10,7,3,13.8973292156036
0.3,10,7,4,13.725352821792
0.3,10,8,1,13.8759314691194
0.3,10,8,2,13.8160495352369
0.3,10,8,3,13.8595035114373
0.3,10,8,4,13.741899227339
0.3,10,9,1,13.8615833751141
0.3,10,9,2,13.8388543376194
0.3,10,9,3,13.7515877690584
0.3,10,9,4,13.8827411896751
0.3,10,10,1,13.8370370763288
0.3,10,10,2,13.8304225041899
0.3,10,10,3,13.867418234455
0.3,10,10,4,13.7017375822694
0.4,10,1,1,13.4560384784624
0.4,10,1,2,13.380302844852
0.4,10,1,3,13.4301706529158
0.4,10,1,4,13.3701221667545
0.4,10,2,1,13.4969338781281
0.4,10,2,2,13.374808635312
0.4,10,2,3,13.3204297380276
0.4,10,2,4,13.3216103810846
0.4,10,3,1,13.440473144771
0.4,10,3,2,13.4922347355658
0.4,10,3,3,13.3782320996238
0.4,10,3,4,13.4845830330128
0.4,10,4,1,13.4869266912981
0.4,10,4,2,13.5034011081044
0.4,10,4,3,13.1730429791705
0.4,10,4,4,13.4921292455748
0.4,10,5,1,13.4736053241421
0.4,10,5,2,13.4833850236477
0.4,10,5,3,13.2839615223716
0.4,10,5,4,13.3484625845004
0.4,10,6,1,13.4497064773226
0.4,10,6,2,13.4744563609909
0.4,10,6,3,13.3779419651989
0.4,10,6,4,13.2860908953096
0.4,10,7,1,13.4645972659106
0.4,10,7,2,13.4752707280598
0.4,10,7,3,13.3910491873542
0.4,10,7,4,13.3246827040948
0.4,10,8,1,13.4693633097866
0.4,10,8,2,13.3104009204639
0.4,10,8,3,13.3649584276151
0.4,10,8,4,13.389546403429
0.4,10,9,1,13.4871537969226
0.4,10,9,2,13.4982376693304
0.4,10,9,3,13.2826714278766
0.4,10,9,4,13.406429282999
0.4,10,10,1,13.4301981800755
0.4,10,10,2,13.4431644032336
0.4,10,10,3,13.419917084381
0.4,10,10,4,13.4752044470616
0.5,10,1,1,12.8012125388925
0.5,10,1,2,12.5303532972537
0.5,10,1,3,12.9039859486754
0.5,10,1,4,12.9474451785357
0.5,10,2,1,12.8124193992264
0.5,10,2,2,12.8935816554492
0.5,10,2,3,12.9463372112767
0.5,10,2,4,12.8892440516265
0.5,10,3,1,12.9198923260957
0.5,10,3,2,12.7970271010306
0.5,10,3,3,12.8191285442318
0.5,10,3,4,12.6712742293862
0.5,10,4,1,12.9121062564159
0.5,10,4,2,12.7382099523518
0.5,10,4,3,12.8636938240781
0.5,10,4,4,12.6783371950146
0.5,10,5,1,12.9191365045211
0.5,10,5,2,12.8544708299389
0.5,10,5,3,12.7931006111446
0.5,10,5,4,12.9226197412734
0.5,10,6,1,12.8966071152048
0.5,10,6,2,12.8194857808241
0.5,10,6,3,12.9094291258888
0.5,10,6,4,12.8194658397815
0.5,10,7,1,12.9270978894736
0.5,10,7,2,12.8718020038557
0.5,10,7,3,12.5446340129643
0.5,10,7,4,12.7890854223499
0.5,10,8,1,12.9195728345485
0.5,10,8,2,12.8215143401932
0.5,10,8,3,12.8834935112107
0.5,10,8,4,12.7741762818602
0.5,10,9,1,12.8300768534976
0.5,10,9,2,12.9364765268421
0.5,10,9,3,12.8877605116047
0.5,10,9,4,12.6448697397473
0.5,10,10,1,12.9415722375894
0.5,10,10,2,12.8958358506637
0.5,10,10,3,12.8429439644282
0.5,10,10,4,12.6074215432536
0.6,10,1,1,12.0835029520079
0.6,10,1,2,12.0436987323881
0.6,10,1,3,12.0484636860284
0.6,10,1,4,11.9434785067771
0.6,10,2,1,12.1149040876325
0.6,10,2,2,12.0511124465082
0.6,10,2,3,11.9410550442502
0.6,10,2,4,12.042921094526
0.6,10,3,1,12.0714828385873
0.6,10,3,2,11.9555519174257
0.6,10,3,3,12.0607724931845
0.6,10,3,4,11.831480192544
0.6,10,4,1,12.0150414629886
0.6,10,4,2,12.1318731279441
0.6,10,4,3,12.0129665991625
0.6,10,4,4,11.883449840927
0.6,10,5,1,11.9853474196088
0.6,10,5,2,12.0842054650204
0.6,10,5,3,12.0014433755191
0.6,10,5,4,12.0284644101495
0.6,10,6,1,12.0780539926113
0.6,10,6,2,11.9977907753619
0.6,10,6,3,12.0620354718971
0.6,10,6,4,11.4870338914903
0.6,10,7,1,12.1189154391082
0.6,10,7,2,11.9818579388431
0.6,10,7,3,12.067964969735
0.6,10,7,4,11.974720902318
0.6,10,8,1,11.9669481599677
0.6,10,8,2,11.6924437817494
0.6,10,8,3,11.9263566862693
0.6,10,8,4,11.8786363414111
0.6,10,9,1,12.0285031561605
0.6,10,9,2,12.0908762003113
0.6,10,9,3,11.9843274848304
0.6,10,9,4,11.9249393173047
0.6,10,10,1,12.0030448078449
0.6,10,10,2,11.8742552408178
0.6,10,10,3,12.0134171597669
0.6,10,10,4,11.9777279406498
0.7,10,1,1,10.6486499598462
0.7,10,1,2,10.6990050636922
0.7,10,1,3,10.5985549330299
0.7,10,1,4,10.4211215476256
0.7,10,2,1,10.6358180999815
0.7,10,2,2,10.5673043171949
0.7,10,2,3,10.7154324751028
0.7,10,2,4,10.6806500307603
0.7,10,3,1,10.568331903583
0.7,10,3,2,10.4798857214674
0.7,10,3,3,10.6448223046377
0.7,10,3,4,10.4544438187072
0.7,10,4,1,10.6134291921924
0.7,10,4,2,10.7197186997874
0.7,10,4,3,10.664784949389
0.7,10,4,4,10.602390666337
0.7,10,5,1,10.682642518061
0.7,10,5,2,10.6629994815592
0.7,10,5,3,10.5175209829703
0.7,10,5,4,10.0839917164841
0.7,10,6,1,10.5104371557425
0.7,10,6,2,10.6072107195406
0.7,10,6,3,10.6677895390475
0.7,10,6,4,10.4553401950371
0.7,10,7,1,10.5697248459907
0.7,10,7,2,10.6101036511787
0.7,10,7,3,10.5282814597907
0.7,10,7,4,10.0148147310898
0.7,10,8,1,10.6649895604351
0.7,10,8,2,10.3611778833556
0.7,10,8,3,10.5622782605758
0.7,10,8,4,10.6296021613223
0.7,10,9,1,10.5066058307769
0.7,10,9,2,10.5350164268604
0.7,10,9,3,10.3923807609515
0.7,10,9,4,10.6242601511592
0.7,10,10,1,10.6250214731716
0.7,10,10,2,10.5675207183946
0.7,10,10,3,10.7311308695057
0.7,10,10,4,10.3064132096538
